Workbook
Name \a: #REF!
Name \a: #REF!
Name \a: #REF!
Name \a: #REF!
Name \I: #REF!
Name \P: #REF!
Name _______________________________PG8: #REF!
Name ______________________________PG8: #REF!
Name _____________________________PG8: #REF!
Name _____________________________PG8: #REF!
Name _____________________________PG8: #REF!
Name ____________________________PG8: #REF!
Name ____________________________PG8: #REF!
Name ____________________________PG8: #REF!
Name ___________________________PG8: #REF!
Name ___________________________PG8: #REF!
Name ___________________________PG8: #REF!
Name __________________________PG8: #REF!
Name __________________________PG8: #REF!
Name __________________________PG8: #REF!
Name _________________________PG8: #REF!
Name _________________________PG8: #REF!
Name _________________________PG8: #REF!
Name ________________________PG8: #REF!
Name ________________________PG8: #REF!
Name ________________________PG8: #REF!
Name _______________________PG8: #REF!
Name _______________________PG8: #REF!
Name _______________________PG8: #REF!
Name ______________________PG8: #REF!
Name ______________________PG8: #REF!
Name ______________________PG8: #REF!
Name _____________________PG8: #REF!
Name _____________________PG8: #REF!
Name _____________________PG8: #REF!
Name ____________________PG8: #REF!
Name ____________________PG8: #REF!
Name ____________________PG8: #REF!
Name ___________________PG8: #REF!
Name ___________________PG8: #REF!
Name ___________________PG8: #REF!
Name __________________PG8: #REF!
Name __________________PG8: #REF!
Name __________________PG8: #REF!
Name _________________PG8: #REF!
Name _________________PG8: #REF!
Name _________________PG8: #REF!
Name ________________PG8: #REF!
Name ________________PG8: #REF!
Name ________________PG8: #REF!
Name _______________PG8: #REF!
Name _______________PG8: #REF!
Name _______________PG8: #REF!
Name ______________PG8: #REF!
Name ______________PG8: #REF!
Name ______________PG8: #REF!
Name _____________PG8: #REF!
Name _____________PG8: #REF!
Name _____________PG8: #REF!
Name ____________PG8: #REF!

Sheet PT_CRUDE_H
C2: Petroleum Planning & Analysis Cell
A8: Period : Since 1998 -99 | B8: ('000 Metric Tonnes)
A9: Crude Oil Processed by Refineries
A10: OIL COMPANIES | B10: 1998-99 | C10: 1999-00 | D10: 2000-01 | E10: 2001-02 | F10: 2002-03 | G10: 2003-04 | H10: 2004-05 | I10: 2005-06 | J10: 2006-07 | K10: 2007-08 | L10: 2008-09 | M10: 2009-10 | N10: 2010-11 | O10: 2011-12 | P10: 2012-13 | Q10: 2013-14 | R10: 2014-15 | S10: 2015-16 | T10: 2016-17 | U10: 2017-18 | V10: 2018-19 | W10: 2019-20 | X10: 2020-21 | Y10: 2021-22 | Z10: 2022-23 | AA10: 2023-24 | AB10: 2024-25 | AC10: 2025-26 (P) | AD10: 2026-27 (Till June) (P)
A11: Indian Oil Corporation Ltd. (IOCL)
A12: IOCL-KOYALI, GUJARAT | B12: 10935 | C12: 11109 | D12: 12003 | E12: 11695.788 | F12: 12431.904 | G12: 12758 | H12: 11697.84 | I12: 11540.314 | J12: 12953 | K12: 13714.149 | L12: 13852.052 | M12: 13205.533 | N12: 13561.066 | O12: 14253.08 | P12: 13154.948 | Q12: 12960.077 | R12: 13285.436 | S12: 13819.914 | T12: 13994.392 | U12: 13811.318 | V12: 13504.918 | W12: =+'Monthwise 2019-20'!N12 -> 13074.744 | X12: =+'Monthwise 2020-21'!N12 -> 11603.051 | Y12: 13474.106 | Z12: 15566.899 | AA12: 15202.188 | AB12: 15283.046 | AC12: 13202.134 | AD12: 4327.514
A13: IOCL-MATHURA, UTTAR PRADESH | B13: 8909 | C13: 8125 | D13: 7133 | E13: 8030.827 | F13: 8206.525 | G13: 8249 | H13: 6387.011 | I13: 7937.564 | J13: 8883 | K13: 8033.297 | L13: 8600.966 | M13: 8107.332 | N13: 8879.961 | O13: 8202.175 | P13: 8560.887 | Q13: 6640.674 | R13: 8515.432 | S13: 8860.281 | T13: 9229.999 | U13: 9240.208 | V13: 9736.536 | W13: =+'Monthwise 2019-20'!N14 -> 8948.039 | X13: =+'Monthwise 2020-21'!N14 -> 8925.795 | Y13: 9122.844 | Z13: 9573.012 | AA13: 9190.528 | AB13: 8053.82 | AC13: 10049.509 | AD13: 2189.034
A14: IOCL-PANIPAT, HARYANA | B14: 2208 | C14: 4153 | D14: 5707 | E14: 5822.3 | F14: 6101.26 | G14: 6338 | H14: 6386.77 | I14: 6506.678 | J14: 9435 | K14: 12820.96 | L14: 13069.867 | M14: 13614.547 | N14: 13660.476 | O14: 15495.88 | P14: 15126.03 | Q14: 15097.714 | R14: 14191.003 | S14: 15282.368 | T14: 15638.035 | U14: 15654.196 | V14: 15280.517 | W14: =+'Monthwise 2019-20'!N15 -> 15038.096 | X14: =+'Monthwise 2020-21'!N15 -> 13181.323 | Y14: 14848.854 | Z14: 13810.143 | AA14: 14304.738 | AB14: 15398.268 | AC14: 15932.199 | AD14: 3916.343
A15: IOCL-HALDIA, WEST BENGAL | B15: 4714 | C15: 4105 | D15: 3873 | E15: 4023.659 | F15: 4513.268 | G15: 4518 | H15: 5417.613 | I15: 5502.045 | J15: 5836 | K15: 5714.545 | L15: 6042.124 | M15: 5685.672 | N15: 6877.963 | O15: 8071.753 | P15: 7490.247 | Q15: 7952.102 | R15: 7650.241 | S15: 7776.471 | T15: 7689.297 | U15: 7655.491 | V15: 7964.856 | W15: =+'Monthwise 2019-20'!N13 -> 6463.292 | X15: =+'Monthwise 2020-21'!N13 -> 6758.511 | Y15: 7305.459 | Z15: 8506.484 | AA15: 8059.59 | AB15: 6934.496 | AC15: 8507.224 | AD15: 2209.647
A16: IOCL-BARAUNI,BIHAR | B16: 2204 | C16: 3411 | D16: 3122 | E16: 2875.804 | F16: 2993.0572 | G16: 4304 | H16: 5082.222 | I16: 5553.486 | J16: 5469 | K16: 5634.293 | L16: 5940.302 | M16: 6184.182 | N16: 6207.428 | O16: 5730.016 | P16: 6344.727 | Q16: 6478.014 | R16: 5943.924 | S16: 6544.753 | T16: 6526.045 | U16: 5818.634 | V16: 6661.188 | W16: =+'Monthwise 2019-20'!N11 -> 6515.533 | X16: =+'Monthwise 2020-21'!N11 -> 5469.219 | Y16: 5619.663 | Z16: 6785.388 | AA16: 6617.698 | AB16: 6513.258 | AC16: 6380.177 | AD16: 1550.627
A17: IOCL-DIGBOI,ASSAM | B17: 554 | C17: 603 | D17: 679 | E17: 652.668 | F17: 580.841 | G17: 602 | H17: 651.096 | I17: 614.88 | J17: 586 | K17: 563.505 | L17: 623.105 | M17: 600.46 | N17: 651.006 | O17: 622.12 | P17: 660.315 | Q17: 651.232 | R17: 591.288 | S17: 561.833 | T17: 533.447 | U17: 665.623 | V17: 675.524 | W17: =+'Monthwise 2019-20'!N17 -> 664.233 | X17: =+'Monthwise 2020-21'!N17 -> 605.11 | Y17: 707.829 | Z17: 712.919 | AA17: 710.21 | AB17: 774.113 | AC17: 712.648 | AD17: 184.93
A18: IOCL-GUWAHATI,ASSAM | B18: 836 | C18: 914 | D18: 708 | E18: 655.9 | F18: 458.42 | G18: 890 | H18: 1004.022 | I18: 863.911 | J18: 839 | K18: 919.968 | L18: 1075.687 | M18: 1077.605 | N18: 1117.68 | O18: 1058.461 | P18: 956.452 | Q18: 1019.034 | R18: 1005.794 | S18: 903.523 | T18: 863.58101 | U18: 1023.684 | V18: 863.169 | W18: =+'Monthwise 2019-20'!N16 -> 892.403 | X18: =+'Monthwise 2020-21'!N16 -> 849.238 | Y18: 730.215 | Z18: 1079.669 | AA18: 1000.487 | AB18: 1178.2 | AC18: 1291.411 | AD18: 331.227
A19: IOCL-BONGAIGAON,ASSAM | B19: - | C19: - | D19: - | E19: - | F19: - | G19: - | H19: - | I19: - | J19: - | K19: - | L19: 2163.188 | M19: 2220.316 | N19: 2008.298 | O19: 2187.786 | P19: 2356.135 | Q19: 2327.514 | R19: 2402.949 | S19: 2441.664 | T19: 2485.791 | U19: 2401.586 | V19: 2512.773 | W19: =+'Monthwise 2019-20'!N18 -> 2044.824 | X19: =+'Monthwise 2020-21'!N18 -> 2450.461 | Y19: 2638.5 | Z19: 2775.043 | AA19: 3008.864 | AB19: 2772.082 | AC19: 3029.371 | AD19: 779.972
A20: IOCL -PARADIP | B20: - | C20: - | D20: - | E20: - | F20: - | G20: - | H20: - | I20: - | J20: - | K20: - | L20: - | M20: - | N20: - | O20: - | P20: - | Q20: - | R20: - | S20: 1816.6732 | T20: 8229.931 | U20: 12730.437 | V20: 14616.385 | W20: =+'Monthwise 2019-20'!N19 -> 15778.198 | X20: =+'Monthwise 2020-21'!N19 -> 12507.939 | Y20: 13217.398 | Z20: 13598.533 | AA20: 15213.432 | AB20: 14657.086 | AC20: 16345.755 | AD20: 3675.323
A21: IOCL TOTAL | B21: 30360 | C21: 32420 | D21: 33225 | E21: 33756.946 | F21: 35285.275 | G21: 37659 | H21: 36626.574 | I21: 38518.878 | J21: 44001 | K21: 47400.717 | L21: 51367.291 | M21: 50695.647 | N21: 52963.878 | O21: 55621.271 | P21: 54649.741 | Q21: 53126.361 | R21: 53586.067 | S21: 58007.48 | T21: 65190.518 | U21: 69001.177 | V21: 71815.866 | W21: =SUM(W12:W20) -> 69419.362 | X21: =SUM(X12:X20) -> 62350.647 | Y21: =SUM(Y12:Y20) -> 67664.868 | Z21: =SUM(Z12:Z20) -> 72408.09 | AA21: =SUM(AA12:AA20) -> 73307.735 | AB21: =SUM(AB12:AB20) -> 71564.369 | AC21: =SUM(AC12:AC20) -> 75450.428 | AD21: =SUM(AD12:AD20) -> 19164.617
A23: Hindustan Petroleum Corporation Ltd.(HPCL)
A24: HPCL-MUMBAI,MAHARASHTRA | B24: 5205 | C24: 6003 | D24: 5575 | E24: 5631.5 | F24: 6078.8 | G24: 6108 | H24: 6118 | I24: 6248.671 | J24: 7420 | K24: 7352.849 | L24: 6651.627 | M24: 6965.109 | N24: 6554.4251 | O24: 7506.4748 | P24: 7748.0328 | Q24: 7737.075 | R24: 7412.0069 | S24: 8015.1452 | T24: 8510.3189 | U24: 8641.1704 | V24: 8670.9297 | W24: =+'Monthwise 2019-20'!N40 -> 8065.1615 | X24: =+'Monthwise 2020-21'!N40 -> 7374.2081 | Y24: 5557.852 | Z24: 9804.3221 | AA24: 9639.7967 | AB24: 9957.7973 | AC24: 10006.692 | AD24: 2549.8876
A25: HPCL-VISAKH,ANDHRA PRADESH | B25: 3862 | C25: 4555 | D25: 6406 | E25: 6706.5 | F25: 6851.73 | G25: 7592 | H25: 7822.2 | I25: 7569.125 | J25: 9232 | K25: 9410.762 | L25: 9157.507 | M25: 8830.134 | N25: 8164.9 | O25: 8699.4567 | P25: 8011.1853 | Q25: 7775.91 | R25: 8766.638 | S25: 9220.4433 | T25: 9303.8726 | U25: 9635.0106 | V25: 9773.1385 | W25: =+'Monthwise 2019-20'!N41 -> 9115.0492 | X25: =+'Monthwise 2020-21'!N41 -> 9050.4725 | Y25: 8409.8301 | Z25: 9286.6363 | AA25: 12688.754 | AB25: 15309.832 | AC25: 16036.5 | AD25: 3973.6167
A26: HPCL-TOTAL | B26: =+B24+B25 -> 9067 | C26: =+C24+C25 -> 10558 | D26: =+D24+D25 -> 11981 | E26: =+E24+E25 -> 12338 | F26: =+F24+F25 -> 12930.53 | G26: =+G24+G25 -> 13700 | H26: =+H24+H25 -> 13940.2 | I26: =+I24+I25 -> 13817.796 | ... AD26: =+AD24+AD25 -> 6523.5044
A28: Bharat Petroleum Corporation Ltd (BPCL)
A29: BPCL-MUMBAI, MAHARASHTRA | B29: 8873 | C29: 8903 | D29: 8662 | E29: 8736.8 | F29: 8740.305 | G29: 8703 | H29: 9142.928 | I29: 10281.83 | J29: 12041 | K29: 12742.851 | L29: 12220.945 | M29: 12501.173 | N29: 12687.801 | O29: 12983.799 | P29: 12735.798 | Q29: 12683.87 | R29: 12820.792 | S29: 13371.259 | T29: 13541.11 | U29: 14054.056 | V29: 14772.714 | W29: =+'Monthwise 2019-20'!N28 -> 15016.676 | X29: =+'Monthwise 2020-21'!N28 -> 12940.595 | Y29: 14436.538 | Z29: 14546.072 | AA29: 15051.664 | AB29: 15529.085 | AC29: 16042.344 | AD29: 3821.4716
A30: BPCL-KOCHI,KERALA | B30: - | C30: - | D30: - | E30: - | J30: 7743 | K30: 8173.89 | L30: 7737.983 | M30: 7874.72 | N30: 8697.97 | O30: 9472.4303 | P30: 10105.449 | Q30: 10285.355 | R30: 10355.729 | S30: 10711.548 | T30: 11820.208 | U30: 14094.598 | V30: 16050.719 | W30: =+'Monthwise 2019-20'!N29 -> 16515.431 | X30: =+'Monthwise 2020-21'!N29 -> 13281.794 | Y30: 15401.509 | Z30: 16016.756 | AA30: 17314.243 | AB30: 17193.122 | AC30: 17559.45 | AD30: 4329.0026
A31: BPCL-BINA, SAGAR, MADHYA PRADESH | Z31: 7840.6879 | AA31: 7132.7313 | AB31: 7708.8551 | AC31: 7391.0413 | AD31: 2055.1705
A32: BPCL-TOTAL | B32: 8873 | C32: 8903 | D32: 8662 | E32: 8736.8 | F32: 8740.305 | G32: 8703 | H32: 9142.928 | I32: 10281.83 | J32: 19784 | K32: 20916.741 | L32: 19958.928 | M32: 20375.893 | N32: 21385.771 | O32: 24503.86 | P32: 28573.192 | Q32: 28419.137 | R32: 29385.092 | S32: 30485.012 | T32: 31721.3 | U32: 34856.558 | V32: 36539.315 | W32: =SUM(W29:W31) -> 31532.107 | X32: =SUM(X29:X31) -> 26222.389 | Y32: =SUM(Y29:Y31) -> 29838.047 | Z32: =SUM(Z29:Z31) -> 38403.516 | AA32: =SUM(AA29:AA31) -> 39498.638 | AB32: =SUM(AB29:AB31) -> 40431.062 | AC32: =SUM(AC29:AC31) -> 40992.836 | AD32: =SUM(AD29:AD31) -> 10205.645
A34: Numaligarh Refinery Ltd.(NRL) Numaligarh, Assam | B34: 0 | C34: 205 | D34: 1451 | E34: 2307.1 | F34: 1878.6 | G34: 2200 | H34: 2041.764 | I34: 2132.364 | J34: 2496 | K34: 2568.478 | L34: 2251.446 | M34: 2619.08 | N34: 2250.4041 | O34: 2824.989 | P34: 2478.0209 | Q34: 2612.936 | R34: 2776.6805 | S34: 2520.2685 | T34: 2683.1265 | U34: 2809.4262 | V34: 2900.3856 | W34: =+'Monthwise 2019-20'!N31 -> 2383.3388 | X34: =+'Monthwise 2020-21'!N31 -> 2707.3534 | Y34: 2624.4092 | Z34: 3091.3643 | AA34: 2509.6751 | AB34: 3065.5908 | AC34: 3112.5687 | AD34: 790.55533
A36: Chennai Petroleum Corporation Ltd (CPCL)
A37: CPCL-MANALI, TAMILNADU | B37: 6101 | C37: 6376 | D37: 6046 | E37: 6122.4 | F37: 6175.6 | G37: 6091 | H37: 8181 | I37: 9680.12 | J37: 9784 | K37: 9801.618 | L37: 9706.791 | M37: 9571.164 | N37: 10353.725 | O37: 9945.4056 | P37: 9098.1945 | Q37: 10068.038 | R37: 10247.281 | S37: 9099.1507 | T37: 9761.3696 | U37: 10288.832 | V37: 10271.333 | W37: =+'Monthwise 2019-20'!N23 -> 10160.637 | X37: =+'Monthwise 2020-21'!N23 -> 8242.8905 | Y37: 9040.4193 | Z37: 11315.722 | AA37: 11642.126 | AB37: 10453.71 | AC37: 11709.718 | AD37: 2847.758
A38: CPCL-NARIMANAM,TAMILNADU | B38: 644 | C38: 636 | D38: 579 | E38: 566 | F38: 643.2 | G38: 653 | H38: 743 | I38: 681.738 | J38: 617 | K38: 460.986 | L38: 418.144 | M38: 516.645 | N38: 705.817 | O38: 611.406 | P38: 639.685 | Q38: 558.952 | R38: 531.269 | S38: 543.559 | T38: 530.788 | U38: 500.177 | V38: 423.367 | W38: =+'Monthwise 2019-20'!N24 -> 0 | X38: 0 | Y38: 0 | Z38: 0 | AA38: 0 | AB38: 0 | AC38: 0 | AD38: 0
A39: CPCL-TOTAL | B39: 6745 | C39: 7012 | D39: 6625 | E39: 6688.4 | F39: 6818.8 | G39: 6744 | H39: 8924 | I39: 10361.858 | J39: 10401 | K39: 10262.604 | L39: 10124.935 | M39: 10087.809 | N39: 11059.542 | O39: 10556.812 | P39: 9737.8795 | Q39: 10626.989 | R39: 10778.55 | S39: 9642.7097 | T39: 10292.158 | U39: 10789.009 | V39: 10694.7 | W39: =SUM(W37:W38) -> 10160.637 | X39: =SUM(X37:X38) -> 8242.8905 | Y39: =SUM(Y37:Y38) -> 9040.4193 | Z39: =SUM(Z37:Z38) -> 11315.722 | AA39: =SUM(AA37:AA38) -> 11642.126 | AB39: =SUM(AB37:AB38) -> 10453.71 | AC39: =SUM(AC37:AC38) -> 11709.718 | AD39: =SUM(AD37:AD38) -> 2847.758
A41: Kochi Refinery Ltd.-KOCHI, KERALA | B41: 7770 | C41: 7830 | D41: 7520 | E41: 6796.8 | F41: 7579.6 | G41: 7854 | H41: 7924.523 | I41: 6939.062
A43: Bharat Oman Refineries Ltd.-Bina, Sagar M.P. | O43: 2047.6309 | P43: 5731.9456 | Q43: 5449.912 | R43: 6208.5709 | S43: 6402.205 | T43: 6359.9819 | U43: 6707.9037 | V43: 5715.8814 | W43: 7912.9059 | X43: 6189.63 | Y43: 7409.7564
A45: Bongaigaon Refinery & Petrochemicals Ltd. (BRPL)-Bongaigaon, Assam | B45: 1655 | C45: 1906 | D45: 1490 | E45: 1475.1 | F45: 1463.2 | G45: 2127 | H45: 2311.1 | I45: 2356.084 | J45: 2067 | K45: 2012.288
A47: HMEL-GGSR, BATHINDA, PUNJAB | P47: 4904.1724 | Q47: 9271.501 | R47: 7343.6321 | S47: 10713.305 | T47: 10521.457 | U47: 8830.195 | V47: 12472.804 | W47: 12242.064 | X47: 10072.002 | Y47: 13026.753 | Z47: 12735.301 | AA47: 12647.938 | AB47: 13044.807 | AC47: 11654.181 | AD47: 3314.554
A49: HRRL Pachpadra,Rajasthan | AD49: 142.07812
A51: Oil & Natural Gas Corporation Ltd.(ONGC)
A52: ONGC-TATIPAKA,ANDHRA PRADESH | B52: - | C52: - | D52: - | E52: 13.357 | F52: 84.964 | G52: 83 | H52: 92.579 | I52: 93.277 | J52: 94 | K52: 62.968 | L52: 83.329 | M52: 55.34 | N52: 68.478 | O52: 69.285 | P52: 56.519 | Q52: 65.226 | R52: 50.6517 | S52: 67.371527 | T52: 85.354346 | U52: 79.581655 | V52: 66.156254 | W52: =+'Monthwise 2019-20'!N35 -> 86.928253 | X52: =+'Monthwise 2020-21'!N35 -> 80.989877 | Y52: 75.132764 | Z52: 73.221178 | AA52: 65.409208 | AB52: 73.759835 | AC52: 74.318624 | AD52: 14.694203
A53: MRPL-MANGALORE,KARNATAKA | B53: 4069 | C53: 5202 | D53: 6438 | E53: 5487.5 | F53: 7253 | G53: 10068 | H53: 11809.092 | I53: 12014.157 | J53: 12536 | K53: 12524.739 | L53: 12576.132 | M53: 12497.793 | N53: 12662.32 | O53: 12798.359 | P53: 14414.827 | Q53: 14588.523 | R53: 14632.033 | S53: 15531.991 | T53: 15965.295 | U53: 16129.765 | V53: 16231.045 | W53: =+'Monthwise 2019-20'!N36 -> 13953.106 | X53: =+'Monthwise 2020-21'!N36 -> 11474.547 | Y53: 14870.675 | Z53: 17116.275 | AA53: 16533.436 | AB53: 18043.58 | AC53: 16773.906 | AD53: 4305.0293
A54: ONGC TOTAL | B54: 4069 | C54: 5202 | D54: 6438 | E54: 5500.857 | F54: 7337.964 | G54: 10151 | H54: 11901.671 | I54: 12107.434 | J54: 12630 | K54: 12587.707 | L54: 12659.461 | M54: 12553.133 | N54: 12730.798 | O54: 12867.644 | P54: 14471.346 | Q54: 14653.749 | R54: 14682.685 | S54: 15599.363 | T54: 16050.649 | U54: 16209.347 | V54: 16297.201 | W54: =SUM(W52:W53) -> 14040.034 | X54: =SUM(X52:X53) -> 11555.537 | Y54: =SUM(Y52:Y53) -> 14945.807 | Z54: =SUM(Z52:Z53) -> 17189.497 | AA54: =SUM(AA52:AA53) -> 16598.845 | AB54: =SUM(AB52:AB53) -> 18117.34 | AC54: =SUM(AC52:AC53) -> 16848.224 | AD54: =SUM(AD52:AD53) -> 4319.7235
A55: Reliance Industries Ltd. (RIL)
A56: RIL,JAMNAGAR,GUJARAT | B56: - | C56: 11673 | D56: 25716 | E56: 28940.77 | F56: 28546.76 | G56: 29542 | H56: 31489.515 | I56: 30470.858 | J56: 31670 | K56: 31795.486 | L56: 31971.171 | M56: 31378.672 | N56: 31047.574 | O56: 32494.499 | P56: 32613.44 | Q56: 30304.822 | R56: 30867.395 | S56: 32428.384 | T56: 32823.151 | U56: 33152.75 | V56: 31752.151 | W56: =+'Monthwise 2019-20'!N46 -> 33018.532 | X56: =+'Monthwise 2020-21'!N46 -> 34099.68 | Y56: 34757.067 | Z56: 34433.469 | AA56: 34390.101 | AB56: 34990.493 | AC56: 33646.362 | AD56: 6824.6124
A57: RIL-(SEZ), JAMNAGAR,GUJARAT | B57: - | C57: - | D57: - | E57: - | F57: - | G57: - | H57: - | I57: - | J57: 0 | K57: 0 | L57: 3651.6 | M57: 29555 | N57: 35572 | O57: 35186 | P57: 35891.343 | Q57: 37721.86 | R57: 37174.152 | S57: 37132.632 | T57: 37350.72 | U57: 37317.295 | V57: 37392.848 | W57: =+'Monthwise 2019-20'!N47 -> 35876.454 | X57: =+'Monthwise 2020-21'!N47 -> 26841.275 | Y57: 28264.424 | Z57: 27871.758 | AA57: 28299.949 | AB57: 31191.572 | AC57: 33682.332 | AD57: 8876.9152
A58: RIL TOTAL | B58: 0 | C58: 11673 | D58: 25716 | E58: 28940.77 | F58: 28546.76 | G58: 29542 | H58: 31489.515 | I58: 30470.858 | J58: 31670 | K58: 31795.486 | L58: 35622.771 | M58: 60933.672 | N58: 66619.574 | O58: 67680.499 | P58: 68504.783 | Q58: 68026.682 | R58: 68041.547 | S58: 69561.016 | T58: 70173.871 | U58: 70470.045 | V58: 69144.999 | W58: =SUM(W56:W57) -> 68894.986 | X58: =SUM(X56:X57) -> 60940.955 | Y58: =SUM(Y56:Y57) -> 63021.492 | Z58: =SUM(Z56:Z57) -> 62305.227 | AA58: =SUM(AA56:AA57) -> 62690.05 | AB58: =SUM(AB56:AB57) -> 66182.064 | AC58: =SUM(AC56:AC57) -> 67328.695 | AD58: =SUM(AD56:AD57) -> 15701.528
A60: NAYARA ENERGY LTD. VADINAR, GUJARAT,(Formerly ESSAR OIL LTD.) | B60: 0 | C60: 0 | D60: 0 | E60: 0 | F60: 0 | G60: 0 | H60: 0 | I60: 0 | J60: 1762 | K60: 6498.035 | L60: 12916.495 | M60: 13501.848 | N60: 14755.99 | O60: 13496.146 | P60: 19769.083 | Q60: 20202.335 | R60: 20491.1 | S60: 19101.07 | T60: 20918.832 | U60: 20692.88 | V60: 18895.515 | W60: =+'Monthwise 2019-20'!N50 -> 20620.178 | X60: =+'Monthwise 2020-21'!N50 -> 17067.111 | Y60: 20164.411 | Z60: 18692.447 | AA60: 20322.45 | AB60: 20486.754 | AC60: 18851.339 | AD60: 2684.9186
A62: GRAND TOTAL | B62: 68539 | C62: 85709 | D62: 103108 | E62: 106540.77 | F62: 110581.03 | G62: 118680 | H62: 124302.28 | I62: 126986.16 | J62: 141463 | K62: 150805.67 | L62: 160710.46 | M62: 186562.32 | N62: 196485.28 | O62: 203757.15 | P62: 218847.44 | Q62: 222452.68 | R62: 223264 | S62: 232865.81 | T62: 245366.1 | U62: =+U12+U13+U14+U15+U16+U17+U18+U19+U20+U24+U25+U29+U30+U34+U37+U38+U43+U47+U52+U53+U56+U57+U60 -> 251934.82 | V62: =+V12+V13+V14+V15+V16+V17+V18+V19+V20+V24+V25+V29+V30+V34+V37+V38+V43+V47+V52+V53+V56+V57+V60 -> 257204.85 | W62: =+W12+W13+W14+W15+W16+W17+W18+W19+W20+W24+W25+W29+W30+W34+W37+W38+W43+W47+W52+W53+W56+W57+W60 -> 254385.82 | X62: =+X12+X13+X14+X15+X16+X17+X18+X19+X20+X24+X25+X29+X30+X34+X37+X38+X43+X47+X52+X53+X56+X57+X60 -> 221773.2 | Y62: =+Y21+Y26+Y32+Y34+Y39+Y54+Y58+Y60+Y47+Y43 -> 241703.65 | Z62: =+Z21+Z26+Z32+Z34+Z39+Z54+Z58+Z60+Z47 -> 255232.12 | AA62: =+AA21+AA26+AA32+AA34+AA39+AA54+AA58+AA60+AA47 -> 261546.01 | AB62: =+AB21+AB26+AB32+AB34+AB39+AB54+AB58+AB60+AB47 -> 268613.33 | AC62: =+AC21+AC26+AC32+AC34+AC39+AC54+AC58+AC60+AC47 -> 271991.18 | AD62: =+AD21+AD26+AD32+AD34+AD39+AD54+AD58+AD60+AD47+AD49 -> 65694.881
A63: Note:
A64: Source : Oil Companies; (P): Provisional

Sheet Monthwise 2024-25 (P)
C2: Petroleum Planning & Analysis Cell
A7: 2024-25 (P) | I7: ('000 Metric Tonnes)
A8: Crude Oil Processed by Refineries
A9: OIL COMPANIES | B9: APR | C9: MAY | D9: JUN | E9: JULY | F9: AUG | G9: SEP | H9: OCT | I9: NOV | J9: DEC | K9: JAN | L9: FEB | M9: MAR | N9: TOTAL
A10: Indian Oil Corporation Ltd.(IOCL)
A11: IOCL-BARAUNI,BIHAR | B11: 545.016 | C11: 548.748 | D11: 566.248 | E11: 585.922 | F11: 586.958 | G11: 485.732 | H11: 576.141 | I11: 569.051 | J11: 599.191 | K11: 543.603 | L11: 455.991 | M11: 450.657 | N11: =SUM(B11:M11) -> 6513.258
A12: IOCL-KOYALI, GUJARAT | B12: 1290.767 | C12: 1326.322 | D12: 1300.029 | E12: 1351.865 | F12: 1342.543 | G12: 1315.614 | H12: 1356.925 | I12: 1318.246 | J12: 1317.773 | K12: 1315.571 | L12: 930.32 | M12: 1117.071 | N12: =SUM(B12:M12) -> 15283.046
A13: IOCL-HALDIA, WEST BENGAL | B13: 656.298 | C13: 689.531 | D13: 672.644 | E13: 666.788 | F13: 283.855 | G13: 38.054 | H13: 364.325 | I13: 702.642 | J13: 747.231 | K13: 744.383 | L13: 641.585 | M13: 727.16 | N13: =SUM(B13:M13) -> 6934.496
A14: IOCL-MATHURA, UTTAR PRADESH | B14: 859.672 | C14: 839.721 | D14: 845.114 | E14: 688.444 | F14: 589.305 | G14: 585.737 | H14: 41.683 | I14: 323.194 | J14: 874.386 | K14: 740.418 | L14: 790.154 | M14: 875.992 | N14: =SUM(B14:M14) -> 8053.82
A15: IOCL-PANIPAT, HARYANA | B15: 1283.054 | C15: 1269.28 | D15: 1298.853 | E15: 1241.434 | F15: 1151.372 | G15: 1248.088 | H15: 1353.397 | I15: 1354.485 | J15: 1389.798 | K15: 1318.665 | L15: 1163.738 | M15: 1326.104 | N15: =SUM(B15:M15) -> 15398.268
A16: IOCL-GUWAHATI,ASSAM | B16: 108.917 | C16: 110.964 | D16: 107.508 | E16: 104.554 | F16: 101.195 | G16: 86.565 | H16: 109.884 | I16: 91.723 | J16: 41.827 | K16: 105.425 | L16: 98.789 | M16: 110.849 | N16: =SUM(B16:M16) -> 1178.2
A17: IOCL-DIGBOI,ASSAM | B17: 64.893 | C17: 65.042 | D17: 63.447 | E17: 57.407 | F17: 68.373 | G17: 59.009 | H17: 71.024 | I17: 69.129 | J17: 63.095 | K17: 66.347 | L17: 60.173 | M17: 66.174 | N17: =SUM(B17:M17) -> 774.113
A18: IOCL-BONGAIGAON,ASSAM | B18: 244.486 | C18: 60.204 | D18: 217.61 | E18: 252.608 | F18: 236.846 | G18: 243.462 | H18: 253.93 | I18: 251.536 | J18: 260.036 | K18: 257.121 | L18: 235.646 | M18: 258.597 | N18: =SUM(B18:M18) -> 2772.082
A19: IOCL-PARADIP,ODISHA | B19: 1093.706 | C19: 1155.403 | D19: 884.313 | E19: 907.582 | F19: 1230.418 | G19: 1228.018 | H19: 1272.95 | I19: 1333.392 | J19: 1403.143 | K19: 1436.19 | L19: 1296.51 | M19: 1415.461 | N19: =SUM(B19:M19) -> 14657.086
A20: IOCL TOTAL | B20: =SUM(B11:B19) -> 6146.809 | C20: =SUM(C11:C19) -> 6065.215 | D20: =SUM(D11:D19) -> 5955.766 | E20: =SUM(E11:E19) -> 5856.604 | F20: =SUM(F11:F19) -> 5590.865 | G20: =SUM(G11:G19) -> 5290.279 | H20: =SUM(H11:H19) -> 5400.259 | I20: =SUM(I11:I19) -> 6013.398 | ... N20: =SUM(N11:N19) -> 71564.369
A22: Chennai Petroleum Corporation Ltd. (CPCL)
A23: CPCL-MANALI, TAMILNADU | B23: 867.12083 | C23: 1032.677 | D23: 930.19467 | E23: 879.99293 | F23: 680.62608 | G23: 537.82806 | H23: 704.52458 | I23: 901.68117 | J23: 945.45558 | K23: 1002.4172 | L23: 950.91376 | M23: 1020.2786 | N23: =SUM(B23:M23) -> 10453.71
A24: CPCL-NARIMANAM,TAMILNADU | B24: 0 | C24: 0 | D24: 0 | E24: 0 | F24: 0 | G24: 0 | H24: 0 | I24: 0 | J24: 0 | K24: 0 | L24: 0 | M24: 0 | N24: =SUM(B24:M24) -> 0
A25: CPCL-TOTAL | B25: =SUM(B23:B24) -> 867.12083 | C25: =SUM(C23:C24) -> 1032.677 | D25: =SUM(D23:D24) -> 930.19467 | E25: =SUM(E23:E24) -> 879.99293 | F25: =SUM(F23:F24) -> 680.62608 | G25: =SUM(G23:G24) -> 537.82806 | H25: =SUM(H23:H24) -> 704.52458 | I25: =SUM(I23:I24) -> 901.68117 | ... M25: =SUM(M23:M24) -> 1020.2786 | N25: =SUM(B25:M25) -> 10453.71
A27: Bharat Petroleum Corporation Ltd. (BPCL)
A28: BPCL-MUMBAI, MAHARASHTRA | B28: 1357.7674 | C28: 1284.2996 | D28: 1120.8574 | E28: 1364.2861 | F28: 1360.3837 | G28: 1354.5215 | H28: 1418.942 | I28: 954.9911 | J28: 1243.6455 | K28: 1390.5467 | L28: 1279.2568 | M28: 1399.587 | N28: =SUM(B28:M28) -> 15529.085
A29: BPCL-KOCHI, KERALA | B29: 1424.937 | C29: 1507.95 | D29: 1482.257 | E29: 1549.85 | F29: 1506.6311 | G29: 1307.638 | H29: 989.324 | I29: 1355.6841 | J29: 1567.14 | K29: 1522.876 | L29: 1421.84 | M29: 1556.995 | N29: =SUM(B29:M29) -> 17193.122
A30: BPCL-BINA, MADHYA PRADESH | B30: 660.12702 | C30: 661.4631 | D30: 678.21012 | E30: 685.05809 | F30: 531.94384 | G30: 489.35251 | H30: 685.98645 | I30: 661.83065 | J30: 686.51385 | K30: 687.71159 | L30: 616.16779 | M30: 664.49008 | N30: =SUM(B30:M30) -> 7708.8551
A31: BPCL-TOTAL | B31: =SUM(B28:B30) -> 3442.8314 | C31: =SUM(C28:C30) -> 3453.7127 | D31: =SUM(D28:D30) -> 3281.3245 | E31: =SUM(E28:E30) -> 3599.1941 | F31: =SUM(F28:F30) -> 3398.9587 | G31: =SUM(G28:G30) -> 3151.512 | H31: =SUM(H28:H30) -> 3094.2525 | I31: =SUM(I28:I30) -> 2972.5058 | ... M31: =SUM(M28:M30) -> 3621.0721 | N31: =SUM(B31:M31) -> 40431.062
A32: NRL-NUMALIGARH, ASSAM | B32: 241.34369 | C32: 276.873 | D32: 245.90061 | E32: 217.67252 | F32: 216.2379 | G32: 249.50487 | H32: 272.03403 | I32: 261.05313 | J32: 275.39615 | K32: 287.5963 | L32: 248.82234 | M32: 273.15627 | N32: =SUM(B32:M32) -> 3065.5908
A34: Oil & Natural Gas Corporation Ltd. (ONGC)
A35: ONGC-TATIPAKA,ANDHRA PRADESH | B35: 4.9729755 | C35: 6.0295064 | D35: 5.9835026 | E35: 5.9835026 | F35: 6.1447555 | G35: 5.83 | H35: 6.1193467 | I35: 7.4162456 | J35: 7.695 | K35: 7.014 | L35: 5.232 | M35: 5.339 | N35: =SUM(B35:M35) -> 73.759835
A36: MRPL-MANGALORE,KARNATAKA | B36: 1312.1558 | C36: 1593.2484 | D36: 1474.3448 | E36: 1478.1382 | F36: 1496.5125 | G36: 1464.1682 | H36: 1486.1066 | I36: 1506.8482 | J36: 1548.4366 | K36: 1576.5602 | L36: 1461.2086 | M36: 1645.852 | N36: =SUM(B36:M36) -> 18043.58
A37: ONGC TOTAL | B37: =SUM(B35:B36) -> 1317.1288 | C37: =SUM(C35:C36) -> 1599.2779 | D37: =SUM(D35:D36) -> 1480.3283 | E37: =SUM(E35:E36) -> 1484.1217 | F37: =SUM(F35:F36) -> 1502.6573 | G37: =SUM(G35:G36) -> 1469.9982 | H37: =SUM(H35:H36) -> 1492.2259 | I37: =SUM(I35:I36) -> 1514.2645 | ... M37: =SUM(M35:M36) -> 1651.191 | N37: =SUM(B37:M37) -> 18117.34
A39: Hindustan Petroleum Corporation Ltd. (HPCL)
A40: HPCL-MUMBAI,MAHARASHTRA | B40: 519.56529 | C40: 816.25993 | D40: 884.82617 | E40: 865.32819 | F40: 741.85354 | G40: 868.49655 | H40: 878.54452 | I40: 878.42318 | J40: 901.78185 | K40: 883.28362 | L40: 806.06407 | M40: 913.37034 | N40: =SUM(B40:M40) -> 9957.7973
A41: HPCL-VISAKH,ANDHRA PRADESH | B41: 900.04068 | C41: 1354.3162 | D41: 1290.2101 | E41: 1309.6035 | F41: 1252.0051 | G41: 1263.1293 | H41: 1184.6579 | I41: 1269.1054 | J41: 1357.3178 | K41: 1422.9517 | L41: 1308.3301 | M41: 1398.1638 | N41: =SUM(B41:M41) -> 15309.832
A42: HMEL-GGSR, BATHINDA, PUNJAB | B42: 1082.552 | C42: 1110.92 | D42: 1076.522 | E42: 1111.368 | F42: 1098.976 | G42: 1060.853 | H42: 1101.851 | I42: 1070.781 | J42: 1109.522 | K42: 1115.935 | L42: 999.695 | M42: 1105.8317 | N42: =SUM(B42:M42) -> 13044.807 | P42: 13044.807
A43: HPCL-TOTAL | B43: =SUM(B40:B42) -> 2502.158 | C43: =SUM(C40:C42) -> 3281.4961 | D43: =SUM(D40:D42) -> 3251.5583 | E43: =SUM(E40:E42) -> 3286.2997 | F43: =SUM(F40:F42) -> 3092.8347 | G43: =SUM(G40:G42) -> 3192.4789 | H43: =SUM(H40:H42) -> 3165.0534 | I43: =SUM(I40:I42) -> 3218.3096 | ... M43: =SUM(M40:M42) -> 3417.3658 | N43: =SUM(B43:M43) -> 38312.436
A45: Reliance Industries Ltd. (RIL)
A46: RIL,JAMNAGAR,GUJARAT | B46: 2884.8105 | C46: 2932.6956 | D46: 2832.0782 | E46: 2985.8246 | F46: 2921.4631 | G46: 2936.4629 | H46: 2842.8005 | I46: 2846.4255 | J46: 3058.7522 | K46: 3031.6822 | L46: 2763.1451 | M46: 2954.3521 | N46: =SUM(B46:M46) -> 34990.493
A47: RIL-(SEZ), JAMNAGAR,GUJARAT | B47: 2516.4372 | C47: 2657.3979 | D47: 2627.2446 | E47: 2512.4711 | F47: 2478.9284 | G47: 2697.4291 | H47: 2586.7316 | I47: 2390.5333 | J47: 2723.8281 | K47: 2577.8787 | L47: 2555.6919 | M47: 2867 | N47: =SUM(B47:M47) -> 31191.572 | P47: =+N47/1000 -> 31.191572
A48: RIL TOTAL | B48: =SUM(B46:B47) -> 5401.2477 | C48: =SUM(C46:C47) -> 5590.0936 | D48: =SUM(D46:D47) -> 5459.3228 | E48: =SUM(E46:E47) -> 5498.2957 | F48: =SUM(F46:F47) -> 5400.3915 | G48: =SUM(G46:G47) -> 5633.8921 | H48: =SUM(H46:H47) -> 5429.532 | I48: =SUM(I46:I47) -> 5236.9588 | ... M48: =SUM(M46:M47) -> 5821.3521 | N48: =SUM(B48:M48) -> 66182.064
A50: NEL-VADINAR,GUJARAT | B50: 1698.6148 | C50: 1727.4771 | D50: 1598.3206 | E50: 1763.8461 | F50: 1752.8784 | G50: 1677.1037 | H50: 1745.6488 | I50: 1695.002 | J50: 1748.1649 | K50: 1744.4977 | L50: 1584.1349 | M50: 1751.0654 | N50: =SUM(B50:M50) -> 20486.754
A52: GRAND TOTAL | B52: =+B50+B48+B43+B37+B32+B31+B25+B20 -> 21617.254 | C52: =+C50+C48+C43+C37+C32+C31+C25+C20 -> 23026.822 | D52: =+D50+D48+D43+D37+D32+D31+D25+D20 -> 22202.716 | E52: =+E50+E48+E43+E37+E32+E31+E25+E20 -> 22586.027 | F52: =+F50+F48+F43+F37+F32+F31+F25+F20 -> 21635.45 | G52: =+G50+G48+G43+G37+G32+G31+G25+G20 -> 21202.597 | H52: =+H50+H48+H43+H37+H32+H31+H25+H20 -> 21303.53 | I52: =+I50+I48+I43+I37+I32+I31+I25+I20 -> 21813.173 | ... M52: =+M50+M48+M43+M37+M32+M31+M25+M20 -> 23903.546 | N52: =SUM(B52:M52) -> 268613.33 | P52: 268613.33
A53: Note :
A54: Source : Oil Companies. All figures are provisional.

Sheet Monthwise 2023-24 (P)
C2: Petroleum Planning & Analysis Cell
A7: 2023-24 (P) | I7: ('000 Metric Tonnes)
A8: Crude Oil Processed by Refineries
A9: OIL COMPANIES | B9: APR | C9: MAY | D9: JUN | E9: JULY | F9: AUG | G9: SEP | H9: OCT | I9: NOV | J9: DEC | K9: JAN | L9: FEB | M9: MAR | N9: TOTAL
A10: Indian Oil Corporation Ltd.(IOCL)
A11: IOCL-BARAUNI,BIHAR | B11: 546.511 | C11: 579.563 | D11: 491.922 | E11: 559.564 | F11: 590.767 | G11: 529.029 | H11: 503.428 | I11: 553.582 | J11: 597.971 | K11: 517.572 | L11: 541.973 | M11: 605.816 | N11: =SUM(B11:M11) -> 6617.698
A12: IOCL-KOYALI, GUJARAT | B12: 1121.574 | C12: 1330.391 | D12: 1275.124 | E12: 1330.927 | F12: 1262.851 | G12: 1169.638 | H12: 1279.385 | I12: 1290.125 | J12: 1330.241 | K12: 1191.573 | L12: 1249.939 | M12: 1370.42 | N12: =SUM(B12:M12) -> 15202.188
A13: IOCL-HALDIA, WEST BENGAL | B13: 706.283 | C13: 720.08 | D13: 691.684 | E13: 677.193 | F13: 689.547 | G13: 325.103 | H13: 674.352 | I13: 692.393 | J13: 726.875 | K13: 742.016 | L13: 678.344 | M13: 735.72 | N13: =SUM(B13:M13) -> 8059.59
A14: IOCL-MATHURA, UTTAR PRADESH | B14: 836.709 | C14: 833.518 | D14: 808.159 | E14: 436.214 | F14: 680.978 | G14: 721.789 | H14: 852.622 | I14: 864.519 | J14: 815.413 | K14: 646.127 | L14: 793.509 | M14: 900.971 | N14: =SUM(B14:M14) -> 9190.528
A15: IOCL-PANIPAT, HARYANA | B15: 1251.74 | C15: 1263.153 | D15: 1277.621 | E15: 1220.09 | F15: 1230.308 | G15: 1194.475 | H15: 1300.179 | I15: 1308.487 | J15: 1246.483 | K15: 1213.868 | L15: 693.247 | M15: 1105.087 | N15: =SUM(B15:M15) -> 14304.738
A16: IOCL-GUWAHATI,ASSAM | B16: 93.997 | C16: 96.304 | D16: 92.45 | E16: 94.729 | F16: 94.248 | G16: 90.035 | H16: 0.136 | I16: 33.126 | J16: 97.183 | K16: 95.741 | L16: 99.025 | M16: 113.513 | N16: =SUM(B16:M16) -> 1000.487
A17: IOCL-DIGBOI,ASSAM | B17: 43.905 | C17: 64.398 | D17: 62.73 | E17: 63.471 | F17: 19.81 | G17: 51.973 | H17: 66.2 | I17: 66.297 | J17: 69.082 | K17: 68.879 | L17: 64.694 | M17: 68.771 | N17: =SUM(B17:M17) -> 710.21
A18: IOCL-BONGAIGAON,ASSAM | B18: 249.599 | C18: 257.896 | D18: 251.252 | E18: 236.572 | F18: 254.941 | G18: 251.375 | H18: 257.969 | I18: 249.586 | J18: 255.87 | K18: 251.932 | L18: 238.897 | M18: 252.975 | N18: =SUM(B18:M18) -> 3008.864
A19: IOCL-PARADIP,ODISHA | B19: 1187.322 | C19: 1272.101 | D19: 1346.431 | E19: 1394.489 | F19: 1429.008 | G19: 1172.854 | H19: 722.076 | I19: 1260.942 | J19: 1387.383 | K19: 1363.85 | L19: 1271.302 | M19: 1405.674 | N19: =SUM(B19:M19) -> 15213.432
A20: IOCL TOTAL | B20: =SUM(B11:B19) -> 6037.64 | C20: =SUM(C11:C19) -> 6417.404 | D20: =SUM(D11:D19) -> 6297.373 | E20: =SUM(E11:E19) -> 6013.249 | F20: =SUM(F11:F19) -> 6252.458 | G20: =SUM(G11:G19) -> 5506.271 | H20: =SUM(H11:H19) -> 5656.347 | I20: =SUM(I11:I19) -> 6319.057 | ... N20: =SUM(N11:N19) -> 73307.735
A22: Chennai Petroleum Corporation Ltd. (CPCL)
A23: CPCL-MANALI, TAMILNADU | B23: 919.51965 | C23: 941.28227 | D23: 816.58033 | E23: 1040.1547 | F23: 1000.3788 | G23: 1007.9709 | H23: 1007.2306 | I23: 1001.0375 | J23: 820.50098 | K23: 1001.2367 | L23: 1013.9262 | M23: 1072.3076 | N23: =SUM(B23:M23) -> 11642.126
A24: CPCL-NARIMANAM,TAMILNADU | B24: 0 | C24: 0 | D24: 0 | E24: 0 | F24: 0 | G24: 0 | H24: 0 | I24: 0 | J24: 0 | K24: 0 | L24: 0 | M24: 0 | N24: =SUM(B24:M24) -> 0
A25: CPCL-TOTAL | B25: =SUM(B23:B24) -> 919.51965 | C25: =SUM(C23:C24) -> 941.28227 | D25: =SUM(D23:D24) -> 816.58033 | E25: =SUM(E23:E24) -> 1040.1547 | F25: =SUM(F23:F24) -> 1000.3788 | G25: =SUM(G23:G24) -> 1007.9709 | H25: =SUM(H23:H24) -> 1007.2306 | I25: =SUM(I23:I24) -> 1001.0375 | ... M25: =SUM(M23:M24) -> 1072.3076 | N25: =SUM(B25:M25) -> 11642.126
A27: Bharat Petroleum Corporation Ltd. (BPCL)
A28: BPCL-MUMBAI, MAHARASHTRA | B28: 1258.5681 | C28: 1332.1494 | D28: 1367.8604 | E28: 1367.9901 | F28: 1386.5438 | G28: 1354.5265 | H28: 740.45859 | I28: 927.63206 | J28: 1390.3368 | K28: 1156.903 | L28: 1307.1529 | M28: 1461.542 | N28: =SUM(B28:M28) -> 15051.664
A29: BPCL-KOCHI, KERALA | B29: 1384.5585 | C29: 1464.343 | D29: 1467.8116 | E29: 1389.2883 | F29: 1345.9017 | G29: 1299.3585 | H29: 1543.8253 | I29: 1506.9807 | J29: 1563.3872 | K29: 1588.215 | L29: 1203.8006 | M29: 1556.7726 | N29: =SUM(B29:M29) -> 17314.243
A30: BPCL-BINA, MADHYA PRADESH | B30: 593.53419 | C30: 660.47596 | D30: 579.83205 | E30: 48.042254 | F30: 485.23947 | G30: 680.19826 | H30: 710.06437 | I30: 682.46119 | J30: 666.15554 | K30: 731.35795 | L30: 663.63173 | M30: 631.73835 | N30: =SUM(B30:M30) -> 7132.7313
A31: BPCL-TOTAL | B31: =SUM(B28:B30) -> 3236.6607 | C31: =SUM(C28:C30) -> 3456.9684 | D31: =SUM(D28:D30) -> 3415.5041 | E31: =SUM(E28:E30) -> 2805.3206 | F31: =SUM(F28:F30) -> 3217.6849 | G31: =SUM(G28:G30) -> 3334.0833 | H31: =SUM(H28:H30) -> 2994.3482 | I31: =SUM(I28:I30) -> 3117.074 | ... M31: =SUM(M28:M30) -> 3650.053 | N31: =SUM(B31:M31) -> 39498.638
A32: NRL-NUMALIGARH, ASSAM | B32: -3.0121e-05 | C32: 61.302009 | D32: 8.2987979 | E32: 245.10472 | F32: 256.75533 | G32: 275.94873 | H32: 285.83246 | I32: 280.21689 | J32: 287.16653 | K32: 261.67366 | L32: 261.59649 | M32: 285.77949 | N32: =SUM(B32:M32) -> 2509.6751
A34: Oil & Natural Gas Corporation Ltd. (ONGC)
A35: ONGC-TATIPAKA,ANDHRA PRADESH | B35: 6.627859 | C35: 6.363207 | D35: 5.61208 | E35: 5.378 | F35: 5.032684 | G35: 4.184186 | H35: 4.80511 | I35: 4.603547 | J35: 5.703727 | K35: 6.009278 | L35: 5.642185 | M35: 5.447345 | N35: =SUM(B35:M35) -> 65.409208
A36: MRPL-MANGALORE,KARNATAKA | B36: 1468.9173 | C36: 1494.167 | D36: 1452.4719 | E36: 1438.501 | F36: 990.46701 | G36: 764.896 | H36: 1354.5848 | I36: 1499.2009 | J36: 1558.2502 | K36: 1527.4772 | L36: 1462.331 | M36: 1522.1715 | N36: =SUM(B36:M36) -> 16533.436
A37: ONGC TOTAL | B37: =SUM(B35:B36) -> 1475.5452 | C37: =SUM(C35:C36) -> 1500.5302 | D37: =SUM(D35:D36) -> 1458.084 | E37: =SUM(E35:E36) -> 1443.879 | F37: =SUM(F35:F36) -> 995.49969 | G37: =SUM(G35:G36) -> 769.08019 | H37: =SUM(H35:H36) -> 1359.3899 | I37: =SUM(I35:I36) -> 1503.8044 | ... M37: =SUM(M35:M36) -> 1527.6188 | N37: =SUM(B37:M37) -> 16598.845
A39: Hindustan Petroleum Corporation Ltd. (HPCL)
A40: HPCL-MUMBAI,MAHARASHTRA | B40: 837.11219 | C40: 790.7576 | D40: 809.84896 | E40: 892.92643 | F40: 785.24377 | G40: 846.74919 | H40: 898.0061 | I40: 858.19044 | J40: 842.76384 | K40: 853.94691 | L40: 679.64581 | M40: 544.60548 | N40: =SUM(B40:M40) -> 9639.7967
A41: HPCL-VISAKH,ANDHRA PRADESH | B41: 844.74487 | C41: 1066.1159 | D41: 1049.803 | E41: 1108.6857 | F41: 1104.989 | G41: 1013.1681 | H41: 1010.0615 | I41: 826.44583 | J41: 907.85425 | K41: 1180.3597 | L41: 1254.0021 | M41: 1322.5238 | N41: =SUM(B41:M41) -> 12688.754
A42: HMEL-GGSR, BATHINDA, PUNJAB | B42: 1073.099 | C42: 1101.057 | D42: 1062.368 | E42: 1102.121 | F42: 1106.148 | G42: 1074.65 | H42: 1104.277 | I42: 1074.422 | J42: 1109.948 | K42: 851.845 | L42: 884.578 | M42: 1103.425 | N42: =SUM(B42:M42) -> 12647.938
A43: HPCL-TOTAL | B43: =SUM(B40:B42) -> 2754.9561 | C43: =SUM(C40:C42) -> 2957.9305 | D43: =SUM(D40:D42) -> 2922.0199 | E43: =SUM(E40:E42) -> 3103.7331 | F43: =SUM(F40:F42) -> 2996.3808 | G43: =SUM(G40:G42) -> 2934.5673 | H43: =SUM(H40:H42) -> 3012.3446 | I43: =SUM(I40:I42) -> 2759.0583 | ... M43: =SUM(M40:M42) -> 2970.5543 | N43: =SUM(B43:M43) -> 34976.488
A45: Reliance Industries Ltd. (RIL)
A46: RIL,JAMNAGAR,GUJARAT | B46: 2841.6846 | C46: 2882.3533 | D46: 2783.2606 | E46: 2951.3848 | F46: 2939.4492 | G46: 2807.1476 | H46: 2925.2688 | I46: 2796.6843 | J46: 2784.6545 | K46: 2966.8087 | L46: 2695.0936 | M46: 3016.3114 | N46: =SUM(B46:M46) -> 34390.101
A47: RIL-(SEZ), JAMNAGAR,GUJARAT | B47: 2514.054 | C47: 2765.424 | D47: 2254.0599 | E47: 2564.6453 | F47: 2538.7188 | G47: 1986.6959 | H47: 1595.322 | I47: 2216.7866 | J47: 2493.785 | K47: 2615.9076 | L47: 2192.1304 | M47: 2562.4195 | N47: =SUM(B47:M47) -> 28299.949
A48: RIL TOTAL | B48: =SUM(B46:B47) -> 5355.7386 | C48: =SUM(C46:C47) -> 5647.7773 | D48: =SUM(D46:D47) -> 5037.3205 | E48: =SUM(E46:E47) -> 5516.0301 | F48: =SUM(F46:F47) -> 5478.168 | G48: =SUM(G46:G47) -> 4793.8435 | H48: =SUM(H46:H47) -> 4520.5908 | I48: =SUM(I46:I47) -> 5013.471 | ... M48: =SUM(M46:M47) -> 5578.7309 | N48: =SUM(B48:M48) -> 62690.05
A50: NEL-VADINAR,GUJARAT | B50: 1670.5646 | C50: 1743.3694 | D50: 1583.2639 | E50: 1717.6506 | F50: 1727.1074 | G50: 1666.7337 | H50: 1726.2895 | I50: 1674.5996 | J50: 1729.7247 | K50: 1732.7476 | L50: 1622.2892 | M50: 1728.1094 | N50: =SUM(B50:M50) -> 20322.45
A52: GRAND TOTAL | B52: =+B50+B48+B43+B37+B32+B31+B25+B20 -> 21450.625 | C52: =+C50+C48+C43+C37+C32+C31+C25+C20 -> 22726.564 | D52: =+D50+D48+D43+D37+D32+D31+D25+D20 -> 21538.445 | E52: =+E50+E48+E43+E37+E32+E31+E25+E20 -> 21885.122 | F52: =+F50+F48+F43+F37+F32+F31+F25+F20 -> 21924.433 | G52: =+G50+G48+G43+G37+G32+G31+G25+G20 -> 20288.499 | H52: =+H50+H48+H43+H37+H32+H31+H25+H20 -> 20562.373 | I52: =+I50+I48+I43+I37+I32+I31+I25+I20 -> 21668.319 | ... M52: =+M50+M48+M43+M37+M32+M31+M25+M20 -> 23372.1 | N52: =SUM(B52:M52) -> 261546.01
A53: Note :
A54: Source : Oil Companies. All figures are provisional.

Sheet Monthwise 2022-23
C2: Petroleum Planning & Analysis Cell
A7: 2022-23 (P) | I7: ('000 Metric Tonnes)
A8: Crude Oil Processed by Refineries
A9: OIL COMPANIES | B9: APR | C9: MAY | D9: JUN | E9: JULY | F9: AUG | G9: SEP | H9: OCT | I9: NOV | J9: DEC | K9: JAN | L9: FEB | M9: MAR | N9: TOTAL
A10: Indian Oil Corporation Ltd.(IOCL)
A11: IOCL-BARAUNI,BIHAR | B11: 550.61 | C11: 584.471 | D11: 559.48 | E11: 558.619 | F11: 590.377 | G11: 544.498 | H11: 568.944 | I11: 573.349 | J11: 529.961 | K11: 602.134 | L11: 542.971 | M11: 579.974 | N11: =SUM(B11:M11) -> 6785.388
A12: IOCL-KOYALI, GUJARAT | B12: 1317.966 | C12: 1358.941 | D12: 1314.779 | E12: 1303.932 | F12: 1277.892 | G12: 1270.872 | H12: 1323.401 | I12: 1254.255 | J12: 1326.199 | K12: 1259.753 | L12: 1212.844 | M12: 1346.065 | N12: =SUM(B12:M12) -> 15566.899
A13: IOCL-HALDIA, WEST BENGAL | B13: 706.389 | C13: 712.4 | D13: 678.74 | E13: 722.079 | F13: 708.569 | G13: 701.738 | H13: 724.582 | I13: 708.099 | J13: 731.493 | K13: 704.666 | L13: 665.211 | M13: 742.518 | N13: =SUM(B13:M13) -> 8506.484
A14: IOCL-MATHURA, UTTAR PRADESH | B14: 805.128 | C14: 812.96 | D14: 867.721 | E14: 714.635 | F14: 649.596 | G14: 767.405 | H14: 794.588 | I14: 836.842 | J14: 879.89 | K14: 805.757 | L14: 740.612 | M14: 897.878 | N14: =SUM(B14:M14) -> 9573.012
A15: IOCL-PANIPAT, HARYANA | B15: 1172.269 | C15: 1252.496 | D15: 1253.85 | E15: 1154.627 | F15: 1207.093 | G15: 1153.66 | H15: 1184.838 | I15: 699.935 | J15: 890.409 | K15: 1334.66 | L15: 1208.346 | M15: 1297.96 | N15: =SUM(B15:M15) -> 13810.143
A16: IOCL-GUWAHATI,ASSAM | B16: 89.858 | C16: 93.836 | D16: 92.078 | E16: 93.183 | F16: 91.191 | G16: 86.646 | H16: 93.188 | I16: 89.338 | J16: 73.437 | K16: 94.014 | L16: 86.093 | M16: 96.807 | N16: =SUM(B16:M16) -> 1079.669
A17: IOCL-DIGBOI,ASSAM | B17: 58.027 | C17: 62.265 | D17: 60.928 | E17: 62.855 | F17: 61.161 | G17: 44.346 | H17: 62.418 | I17: 59.687 | J17: 61.964 | K17: 62.728 | L17: 57.145 | M17: 59.395 | N17: =SUM(B17:M17) -> 712.919
A18: IOCL-BONGAIGAON,ASSAM | B18: 209.041 | C18: 182.523 | D18: 185.649 | E18: 211.022 | F18: 248.882 | G18: 244.44 | H18: 254.147 | I18: 244.087 | J18: 251.224 | K18: 253.069 | L18: 233.224 | M18: 257.735 | N18: =SUM(B18:M18) -> 2775.043
A19: IOCL-PARADIP,ODISHA | B19: 1327.975 | C19: 1362.514 | D19: 1263.578 | E19: 1346.238 | F19: 2.099 | G19: 274.672 | H19: 1239.112 | I19: 1330.617 | J19: 1416.576 | K19: 1425.155 | L19: 1191.958 | M19: 1418.039 | N19: =SUM(B19:M19) -> 13598.533
A20: IOCL TOTAL | B20: =SUM(B11:B19) -> 6237.263 | C20: =SUM(C11:C19) -> 6422.406 | D20: =SUM(D11:D19) -> 6276.803 | E20: =SUM(E11:E19) -> 6167.19 | F20: =SUM(F11:F19) -> 4836.86 | G20: =SUM(G11:G19) -> 5088.277 | H20: =SUM(H11:H19) -> 6245.218 | I20: =SUM(I11:I19) -> 5796.209 | ... N20: =SUM(N11:N19) -> 72408.09
A22: Chennai Petroleum Corporation Ltd. (CPCL)
A23: CPCL-MANALI, TAMILNADU | B23: 904.19783 | C23: 1005.4421 | D23: 972.60578 | E23: 975.06522 | F23: 940.43378 | G23: 961.61064 | H23: 723.12964 | I23: 921.00276 | J23: 960.42382 | K23: 990.29651 | L23: 927.87515 | M23: 1033.6386 | N23: =SUM(B23:M23) -> 11315.722
A24: CPCL-NARIMANAM,TAMILNADU | B24: 0 | C24: 0 | D24: 0 | E24: 0 | F24: 0 | G24: 0 | H24: 0 | I24: 0 | J24: 0 | K24: 0 | L24: 0 | M24: 0 | N24: =SUM(B24:M24) -> 0
A25: CPCL-TOTAL | B25: =SUM(B23:B24) -> 904.19783 | C25: =SUM(C23:C24) -> 1005.4421 | D25: =SUM(D23:D24) -> 972.60578 | E25: =SUM(E23:E24) -> 975.06522 | F25: =SUM(F23:F24) -> 940.43378 | G25: =SUM(G23:G24) -> 961.61064 | H25: =SUM(H23:H24) -> 723.12964 | I25: =SUM(I23:I24) -> 921.00276 | ... M25: =SUM(M23:M24) -> 1033.6386 | N25: =SUM(B25:M25) -> 11315.722
A27: Bharat Petroleum Corporation Ltd. (BPCL)
A28: BPCL-MUMBAI, MAHARASHTRA | B28: 1301.7554 | C28: 1256.5507 | D28: 881.71101 | E28: 689.35759 | F28: 1246.6252 | G28: 1261.0326 | H28: 1306.8789 | I28: 1216.4536 | J28: 1344.114 | K28: 1390.2082 | L28: 1293.1171 | M28: 1358.2675 | N28: =SUM(B28:M28) -> 14546.072
A29: BPCL-KOCHI, KERALA | B29: 1314.1115 | C29: 1431.8539 | D29: 1363.8513 | E29: 1423.6467 | F29: 1377.3255 | G29: 1155.8843 | H29: 581.021 | I29: 1380.8235 | J29: 1506.6318 | K29: 1533.0759 | L29: 1406.5118 | M29: 1542.0189 | N29: =SUM(B29:M29) -> 16016.756
A30: BORL-BINA | B30: 684.49128 | C30: 675.72723 | D30: 649.81705 | E30: 586.53277 | F30: 412.2227 | G30: 650.73219 | H30: 705.15644 | I30: 691.93329 | J30: 712.60743 | K30: 678.7078 | L30: 657.04846 | M30: 735.71125 | N30: =SUM(B30:M30) -> 7840.6879
A31: BPCL-TOTAL | B31: =SUM(B28:B30) -> 3300.3582 | C31: =SUM(C28:C30) -> 3364.1319 | D31: =SUM(D28:D30) -> 2895.3793 | E31: =SUM(E28:E30) -> 2699.537 | F31: =SUM(F28:F30) -> 3036.1734 | G31: =SUM(G28:G30) -> 3067.649 | H31: =SUM(H28:H30) -> 2593.0563 | I31: =SUM(I28:I30) -> 3289.2104 | ... M31: =SUM(M28:M30) -> 3635.9977 | N31: =SUM(B31:M31) -> 38403.516
A32: NRL-NUMALIGARH, ASSAM | B32: 270.71994 | C32: 275.33742 | D32: 240.56195 | E32: 261.07462 | F32: 264.3258 | G32: 247.84873 | H32: 279.60915 | I32: 246.99792 | J32: 271.75837 | K32: 284.04529 | L32: 244.06159 | M32: 205.02356 | N32: =SUM(B32:M32) -> 3091.3643
A34: Oil & Natural Gas Corporation Ltd. (ONGC)
A35: ONGC-TATIPAKA,ANDHRA PRADESH | B35: 6.050573 | C35: 6.779479 | D35: 6.721341 | E35: 4.975766 | F35: 3.933622 | G35: 6.820562 | H35: 7.546718 | I35: 6.296553 | J35: 6.46411 | K35: 6.574067 | L35: 6.117798 | M35: 4.940589 | N35: =SUM(B35:M35) -> 73.221178
A36: MRPL-MANGALORE,KARNATAKA | B36: 1480.9694 | C36: 1415.2016 | D36: 1428.9668 | E36: 1428.3632 | F36: 1182.2085 | G36: 1329.6192 | H36: 1493.4728 | I36: 1461.5976 | J36: 1504.0463 | K36: 1496.5942 | L36: 1392.99 | M36: 1502.246 | N36: =SUM(B36:M36) -> 17116.275
A37: ONGC TOTAL | B37: =SUM(B35:B36) -> 1487.02 | C37: =SUM(C35:C36) -> 1421.9811 | D37: =SUM(D35:D36) -> 1435.6881 | E37: =SUM(E35:E36) -> 1433.3389 | F37: =SUM(F35:F36) -> 1186.1421 | G37: =SUM(G35:G36) -> 1336.4397 | H37: =SUM(H35:H36) -> 1501.0195 | I37: =SUM(I35:I36) -> 1467.8941 | ... M37: =SUM(M35:M36) -> 1507.1866 | N37: =SUM(B37:M37) -> 17189.497
A39: Hindustan Petroleum Corporation Ltd. (HPCL)
A40: HPCL-MUMBAI,MAHARASHTRA | B40: 731.48559 | C40: 844.05312 | D40: 851.69372 | E40: 876.48591 | F40: 766.90336 | G40: 786.46292 | H40: 761.39043 | I40: 820.12037 | J40: 850.56261 | K40: 837.69115 | L40: 803.64527 | M40: 873.82769 | N40: =SUM(B40:M40) -> 9804.3221
A41: HPCL-VISAKH,ANDHRA PRADESH | B41: 797.81385 | C41: 802.6652 | D41: 781.84231 | E41: 683.83095 | F41: 555.77781 | G41: 814.03873 | H41: 787.4904 | I41: 801.27917 | J41: 818.37609 | K41: 823.65055 | L41: 745.84023 | M41: 874.03102 | N41: =SUM(B41:M41) -> 9286.6363
A42: HMEL-GGSR, BATHINDA, PUNJAB | B42: 1039.859 | C42: 1111.185 | D42: 1078.477 | E42: 1109.489 | F42: 1019.695 | G42: 932.594 | H42: 1114.495 | I42: 978.049 | J42: 1116.441 | K42: 1116.623 | L42: 1008.015 | M42: 1110.379 | N42: =SUM(B42:M42) -> 12735.301
A43: HPCL-TOTAL | B43: =SUM(B40:B42) -> 2569.1584 | C43: =SUM(C40:C42) -> 2757.9033 | D43: =SUM(D40:D42) -> 2712.013 | E43: =SUM(E40:E42) -> 2669.8059 | F43: =SUM(F40:F42) -> 2342.3762 | G43: =SUM(G40:G42) -> 2533.0957 | H43: =SUM(H40:H42) -> 2663.3758 | I43: =SUM(I40:I42) -> 2599.4485 | ... M43: =SUM(M40:M42) -> 2858.2377 | N43: =SUM(B43:M43) -> 31826.259
A45: Reliance Industries Ltd. (RIL)
A46: RIL,JAMNAGAR,GUJARAT | B46: 3034.2691 | C46: 3123.937 | D46: 2953.7903 | E46: 2932.9641 | F46: 3029.9424 | G46: 2784.1079 | H46: 2931.6203 | I46: 2555.9159 | J46: 2840.8566 | K46: 2847.9967 | L46: 2575.9058 | M46: 2822.1633 | N46: =SUM(B46:M46) -> 34433.469
A47: RIL-(SEZ), JAMNAGAR,GUJARAT | B47: 2116.6447 | C47: 2547.2465 | D47: 2408.1138 | E47: 2549.4665 | F47: 2146.6436 | G47: 1838.7341 | H47: 1759.6395 | I47: 2677.7941 | J47: 2467.0466 | K47: 2542.8047 | L47: 2280.0351 | M47: 2537.5885 | N47: =SUM(B47:M47) -> 27871.758
A48: RIL TOTAL | B48: =SUM(B46:B47) -> 5150.9138 | C48: =SUM(C46:C47) -> 5671.1834 | D48: =SUM(D46:D47) -> 5361.9041 | E48: =SUM(E46:E47) -> 5482.4306 | F48: =SUM(F46:F47) -> 5176.586 | G48: =SUM(G46:G47) -> 4622.8419 | H48: =SUM(H46:H47) -> 4691.2598 | I48: =SUM(I46:I47) -> 5233.7099 | ... M48: =SUM(M46:M47) -> 5359.7519 | N48: =SUM(B48:M48) -> 62305.227
A50: NEL-VADINAR,GUJARAT | B50: 1659.9796 | C50: 1725.5137 | D50: 1679.6149 | E50: 1734.7981 | F50: 1750.8 | G50: 1692.1554 | H50: 1716.9611 | I50: 25.550887 | J50: 1712.0764 | K50: 1719.3741 | L50: 1568.22 | M50: 1707.4026 | N50: =SUM(B50:M50) -> 18692.447
A52: GRAND TOTAL | B52: =+B50+B48+B43+B37+B32+B31+B25+B20 -> 21579.611 | C52: =+C50+C48+C43+C37+C32+C31+C25+C20 -> 22643.899 | D52: =+D50+D48+D43+D37+D32+D31+D25+D20 -> 21574.57 | E52: =+E50+E48+E43+E37+E32+E31+E25+E20 -> 21423.24 | F52: =+F50+F48+F43+F37+F32+F31+F25+F20 -> 19533.697 | G52: =+G50+G48+G43+G37+G32+G31+G25+G20 -> 19549.918 | H52: =+H50+H48+H43+H37+H32+H31+H25+H20 -> 20413.629 | I52: =+I50+I48+I43+I37+I32+I31+I25+I20 -> 19580.024 | ... M52: =+M50+M48+M43+M37+M32+M31+M25+M20 -> 23003.61 | N52: =SUM(B52:M52) -> 255232.12
A53: Note :
A54: Source : Oil Companies. All figures are provisional.

Sheet Monthwise 2021-22 
C2: Petroleum Planning & Analysis Cell
A7: 2021-22 | I7: ('000 Metric Tonnes)
A8: Crude Oil Processed by Refineries
A9: OIL COMPANIES | B9: APR | C9: MAY | D9: JUN | E9: JULY | F9: AUG | G9: SEP | H9: OCT | I9: NOV | J9: DEC | K9: JAN | L9: FEB | M9: MAR | N9: TOTAL
A10: Indian Oil Corporation Ltd.(IOCL)
A11: IOCL-BARAUNI,BIHAR | B11: 470.691 | C11: 532.638 | D11: 442.465 | E11: 569.13 | F11: 296.465 | G11: 56.143 | H11: 426.914 | I11: 479.053 | J11: 602.258 | K11: 618.634 | L11: 529.238 | M11: 596.034 | N11: =SUM(B11:M11) -> 5619.663
A12: IOCL-KOYALI, GUJARAT | B12: 997.518 | C12: 1042.141 | D12: 1072.183 | E12: 1101.533 | F12: 1089.672 | G12: 1005.097 | H12: 939.125 | I12: 1122.578 | J12: 1292.843 | K12: 1273.358 | L12: 1199.821 | M12: 1338.237 | N12: =SUM(B12:M12) -> 13474.106
A13: IOCL-HALDIA, WEST BENGAL | B13: 696.022 | C13: 624.18 | D13: 606.454 | E13: 643.554 | F13: 708.619 | G13: 641.511 | H13: 735.815 | I13: 707.577 | J13: 263.678 | K13: 301.494 | L13: 629.851 | M13: 746.704 | N13: =SUM(B13:M13) -> 7305.459
A14: IOCL-MATHURA, UTTAR PRADESH | B14: 818.797 | C14: 692.32 | D14: 698.183 | E14: 665.07 | F14: 642.705 | G14: 723.094 | H14: 854.415 | I14: 852.22 | J14: 765.781 | K14: 745.534 | L14: 780.543 | M14: 884.182 | N14: =SUM(B14:M14) -> 9122.844
A15: IOCL-PANIPAT, HARYANA | B15: 1321.738 | C15: 1155.541 | D15: 1212.604 | E15: 1343.217 | F15: 1149.576 | G15: 1085.751 | H15: 1315.118 | I15: 1339.984 | J15: 1297.873 | K15: 1220.906 | L15: 1121.636 | M15: 1284.91 | N15: =SUM(B15:M15) -> 14848.854
A16: IOCL-GUWAHATI,ASSAM | B16: 62.311 | C16: 0 | D16: 0 | E16: 0 | F16: 64.477 | G16: 76.51 | H16: 92.526 | I16: 83.173 | J16: 83.735 | K16: 92.14 | L16: 82.043 | M16: 93.3 | N16: =SUM(B16:M16) -> 730.215
A17: IOCL-DIGBOI,ASSAM | B17: 56.325 | C17: 61.436 | D17: 59.266 | E17: 60.361 | F17: 56.302 | G17: 59.857 | H17: 61.4 | I17: 60.881 | J17: 61.547 | K17: 59.463 | L17: 49.882 | M17: 61.109 | N17: =SUM(B17:M17) -> 707.829
A18: IOCL-BONGAIGAON,ASSAM | B18: 225.112 | C18: 226.698 | D18: 233.425 | E18: 226.209 | F18: 232.683 | G18: 218.975 | H18: 214.864 | I18: 217.363 | J18: 206.455 | K18: 207.441 | L18: 180.881 | M18: 248.394 | N18: =SUM(B18:M18) -> 2638.5
A19: IOCL-PARADIP,ODISHA | B19: 1331.795 | C19: 1045.384 | D19: 1033.756 | E19: 1058.56 | F19: 663.057 | G19: 838.479 | H19: 877.061 | I19: 1119.531 | J19: 1330.343 | K19: 1324.753 | L19: 1211.238 | M19: 1383.441 | N19: =SUM(B19:M19) -> 13217.398
A20: IOCL TOTAL | B20: =SUM(B11:B19) -> 5980.309 | C20: =SUM(C11:C19) -> 5380.338 | D20: =SUM(D11:D19) -> 5358.336 | E20: =SUM(E11:E19) -> 5667.634 | F20: =SUM(F11:F19) -> 4903.556 | G20: =SUM(G11:G19) -> 4705.417 | H20: =SUM(H11:H19) -> 5517.238 | I20: =SUM(I11:I19) -> 5982.36 | ... N20: =SUM(N11:N19) -> 67664.868
A22: Chennai Petroleum Corporation Ltd. (CPCL)
A23: CPCL-MANALI, TAMILNADU | B23: 759.79152 | C23: 629.16616 | D23: 645.55383 | E23: 818.55688 | F23: 629.06748 | G23: 496.7302 | H23: 500.22955 | I23: 815.5841 | J23: 840.13916 | K23: 915.0677 | L23: 928.45385 | M23: 1062.0789 | N23: =SUM(B23:M23) -> 9040.4193
A24: CPCL-NARIMANAM,TAMILNADU | B24: 0 | C24: 0 | D24: 0 | E24: 0 | F24: 0 | G24: 0 | H24: 0 | I24: 0 | J24: 0 | K24: 0 | L24: 0 | M24: 0 | N24: =SUM(B24:M24) -> 0
A25: CPCL-TOTAL | B25: =SUM(B23:B24) -> 759.79152 | C25: =SUM(C23:C24) -> 629.16616 | D25: =SUM(D23:D24) -> 645.55383 | E25: =SUM(E23:E24) -> 818.55688 | F25: =SUM(F23:F24) -> 629.06748 | G25: =SUM(G23:G24) -> 496.7302 | H25: =SUM(H23:H24) -> 500.22955 | I25: =SUM(I23:I24) -> 815.5841 | ... M25: =SUM(M23:M24) -> 1062.0789 | N25: =SUM(B25:M25) -> 9040.4193
A27: Bharat Petroleum Corporation Ltd. (BPCL)
A28: BPCL-MUMBAI, MAHARASHTRA | B28: 1225.2395 | C28: 1172.3891 | D28: 1029.4898 | E28: 1252.5908 | F28: 1285.5374 | G28: 956.85842 | H28: 1109.7976 | I28: 1293.8131 | J28: 1303.9317 | K28: 1302.5333 | L28: 1236.0939 | M28: 1268.2636 | N28: =SUM(B28:M28) -> 14436.538
A29: BPCL-KOCHI, KERALA | B29: 1363.4901 | C29: 910.20548 | D29: 1016.2637 | E29: 1086.5408 | F29: 1087.4829 | G29: 1338.1387 | H29: 1444.489 | I29: 1429.0038 | J29: 1359.8054 | K29: 1450.4296 | L29: 1394.0352 | M29: 1521.6241 | N29: =SUM(B29:M29) -> 15401.509
A30: BORL-BINA | B30: 647.53807 | C30: 518.89225 | D30: 424.87954 | E30: 622.71182 | F30: 598.09902 | G30: 578.61427 | H30: 658.44177 | I30: 683.79677 | J30: 656.83546 | K30: 721.98352 | L30: 594.40696 | M30: 703.55694 | N30: =SUM(B30:M30) -> 7409.7564
A31: BPCL-TOTAL | B31: =SUM(B28:B30) -> 3236.2677 | C31: =SUM(C28:C30) -> 2601.4869 | D31: =SUM(D28:D30) -> 2470.6331 | E31: =SUM(E28:E30) -> 2961.8434 | F31: =SUM(F28:F30) -> 2971.1193 | G31: =SUM(G28:G30) -> 2873.6114 | H31: =SUM(H28:H30) -> 3212.7284 | I31: =SUM(I28:I30) -> 3406.6137 | ... M31: =SUM(M28:M30) -> 3493.4447 | N31: =SUM(B31:M31) -> 37247.803
A32: NRL-NUMALIGARH, ASSAM | B32: 221.21643 | C32: 226.07787 | D32: 192.73218 | E32: 226.89474 | F32: 211.68782 | G32: 237.54492 | H32: 254.42491 | I32: 223.08894 | J32: 136.55063 | K32: 271.96545 | L32: 234.04479 | M32: 188.18056 | N32: =SUM(B32:M32) -> 2624.4092
A34: Oil & Natural Gas Corporation Ltd. (ONGC)
A35: ONGC-TATIPAKA,ANDHRA PRADESH | B35: 7.229394 | C35: 6.591119 | D35: 5.875409 | E35: 2.911995 | F35: 6.740592 | G35: 6.604453 | H35: 5.616575 | I35: 6.558709 | J35: 7.163875 | K35: 7.296336 | L35: 6.484306 | M35: 6.060001 | N35: =SUM(B35:M35) -> 75.132764
A36: MRPL-MANGALORE,KARNATAKA | B36: 1099.7921 | C36: 961.06293 | D36: 1009.6227 | E36: 1104.622 | F36: 1006.5704 | G36: 987.67497 | H36: 1462.9799 | I36: 1468.1118 | J36: 1433.9222 | K36: 1440.3249 | L36: 1392.274 | M36: 1503.7168 | N36: =SUM(B36:M36) -> 14870.675
A37: ONGC TOTAL | B37: =SUM(B35:B36) -> 1107.0214 | C37: =SUM(C35:C36) -> 967.65405 | D37: =SUM(D35:D36) -> 1015.4981 | E37: =SUM(E35:E36) -> 1107.534 | F37: =SUM(F35:F36) -> 1013.311 | G37: =SUM(G35:G36) -> 994.27942 | H37: =SUM(H35:H36) -> 1468.5965 | I37: =SUM(I35:I36) -> 1474.6705 | ... M37: =SUM(M35:M36) -> 1509.7768 | N37: =SUM(B37:M37) -> 14945.807
A39: Hindustan Petroleum Corporation Ltd. (HPCL)
A40: HPCL-MUMBAI,MAHARASHTRA | B40: 41.290164 | C40: 118.74334 | D40: 304.13227 | E40: 319.2429 | F40: 298.83914 | G40: 411.27388 | H40: 534.76957 | I40: 545.2006 | J40: 673.92315 | K40: 852.2013 | L40: 747.54982 | M40: 710.68587 | N40: =SUM(B40:M40) -> 5557.852
A41: HPCL-VISAKH,ANDHRA PRADESH | B41: 826.13667 | C41: 736.55728 | D41: 481.14643 | E41: 480.39823 | F41: 479.1408 | G41: 545.88692 | H41: 853.28815 | I41: 819.41524 | J41: 809.25573 | K41: 792.59827 | L41: 761.39534 | M41: 824.61103 | N41: =SUM(B41:M41) -> 8409.8301
A42: HMEL-GGSR, BATHINDA, PUNJAB | B42: 1058.897 | C42: 1102.4 | D42: 1062.922 | E42: 1098.169 | F42: 1111.834 | G42: 1079.385 | H42: 1113.14 | I42: 1080.063 | J42: 1117.721 | K42: 1099.938 | L42: 1009.915 | M42: 1092.369 | N42: =SUM(B42:M42) -> 13026.753
A43: HPCL-TOTAL | B43: =SUM(B40:B42) -> 1926.3238 | C43: =SUM(C40:C42) -> 1957.7006 | D43: =SUM(D40:D42) -> 1848.2007 | E43: =SUM(E40:E42) -> 1897.8101 | F43: =SUM(F40:F42) -> 1889.8139 | G43: =SUM(G40:G42) -> 2036.5458 | H43: =SUM(H40:H42) -> 2501.1977 | I43: =SUM(I40:I42) -> 2444.6788 | ... M43: =SUM(M40:M42) -> 2627.6659 | N43: =SUM(B43:M43) -> 26994.435
A45: Reliance Industries Ltd. (RIL)
A46: RIL,JAMNAGAR,GUJARAT | B46: 2772.5458 | C46: 2837.0352 | D46: 2689.845 | E46: 2742.687 | F46: 2872.5195 | G46: 2841.1487 | H46: 3109.8283 | I46: 2997.139 | J46: 3019.2727 | K46: 3042.2195 | L46: 2777.2966 | M46: 3055.5301 | N46: =SUM(B46:M46) -> 34757.067
A47: RIL-(SEZ), JAMNAGAR,GUJARAT | B47: 2248.4463 | C47: 2678.1419 | D47: 2529.5068 | E47: 2283.9305 | F47: 2237.0975 | G47: 2361.4243 | H47: 2644.2205 | I47: 2450.8112 | J47: 2509.578 | K47: 2234.8321 | L47: 2012.7944 | M47: 2073.641 | N47: =SUM(B47:M47) -> 28264.424
A48: RIL TOTAL | B48: =SUM(B46:B47) -> 5020.9921 | C48: =SUM(C46:C47) -> 5515.1771 | D48: =SUM(D46:D47) -> 5219.3519 | E48: =SUM(E46:E47) -> 5026.6174 | F48: =SUM(F46:F47) -> 5109.617 | G48: =SUM(G46:G47) -> 5202.573 | H48: =SUM(H46:H47) -> 5754.0488 | I48: =SUM(I46:I47) -> 5447.9502 | ... M48: =SUM(M46:M47) -> 5129.171 | N48: =SUM(B48:M48) -> 63021.492
A50: NEL-VADINAR,GUJARAT | B50: 1632.7803 | C50: 1692.4649 | D50: 1649.7648 | E50: 1676.7377 | F50: 1710.4047 | G50: 1667.7173 | H50: 1749.1707 | I50: 1688.4711 | J50: 1710.1098 | K50: 1733.4432 | L50: 1563.1473 | M50: 1690.1996 | N50: =SUM(B50:M50) -> 20164.411
A52: GRAND TOTAL | B52: =+B50+B48+B43+B37+B32+B31+B25+B20 -> 19884.702 | C52: =+C50+C48+C43+C37+C32+C31+C25+C20 -> 18970.066 | D52: =+D50+D48+D43+D37+D32+D31+D25+D20 -> 18400.071 | E52: =+E50+E48+E43+E37+E32+E31+E25+E20 -> 19383.628 | F52: =+F50+F48+F43+F37+F32+F31+F25+F20 -> 18438.577 | G52: =+G50+G48+G43+G37+G32+G31+G25+G20 -> 18214.419 | H52: =+H50+H48+H43+H37+H32+H31+H25+H20 -> 20957.634 | I52: =+I50+I48+I43+I37+I32+I31+I25+I20 -> 21483.417 | ... M52: =+M50+M48+M43+M37+M32+M31+M25+M20 -> 22336.828 | N52: =SUM(B52:M52) -> 241703.65
A53: Note :
A54: Source : Oil Companies. All figures are provisional.

Sheet Monthwise 2020-21
C2: Petroleum Planning & Analysis Cell
A7: 2020-21 | I7: ('000 Metric Tonnes)
A8: Crude Oil Processed by Refineries
A9: OIL COMPANIES | B9: APR | C9: MAY | D9: JUN | E9: JULY | F9: AUG | G9: SEP | H9: OCT | I9: NOV | J9: DEC | K9: JAN | L9: FEB | M9: MAR | N9: TOTAL
A10: Indian Oil Corporation Ltd.(IOCL)
A11: IOCL-BARAUNI,BIHAR | B11: 246.526 | C11: 337.415 | D11: 512.165 | E11: 436.624 | F11: 317.716 | G11: 375.661 | H11: 435.152 | I11: 578.86 | J11: 552.791 | K11: 589.161 | L11: 518.24 | M11: 568.908 | N11: =SUM(B11:M11) -> 5469.219
A12: IOCL-KOYALI, GUJARAT | B12: 578.306 | C12: 769.435 | D12: 1040.898 | E12: 1091.864 | F12: 834.438 | G12: 899.179 | H12: 1048.926 | I12: 1123.536 | J12: 1173.262 | K12: 1186.5 | L12: 912.28 | M12: 944.427 | N12: =SUM(B12:M12) -> 11603.051
A13: IOCL-HALDIA, WEST BENGAL | B13: 305.299 | C13: 319.252 | D13: 532.996 | E13: 580.173 | F13: 562.179 | G13: 440.15 | H13: 585.297 | I13: 679.582 | J13: 708.659 | K13: 723.079 | L13: 657.238 | M13: 664.607 | N13: =SUM(B13:M13) -> 6758.511
A14: IOCL-MATHURA, UTTAR PRADESH | B14: 505.715 | C14: 730.123 | D14: 768.853 | E14: 753.623 | F14: 640.869 | G14: 614.664 | H14: 708.83 | I14: 795.551 | J14: 870.591 | K14: 893.213 | L14: 790.364 | M14: 853.399 | N14: =SUM(B14:M14) -> 8925.795
A15: IOCL-PANIPAT, HARYANA | B15: 457.242 | C15: 919.34 | D15: 1172.98 | E15: 1115.315 | F15: 976.505 | G15: 1025.371 | H15: 1237.21 | I15: 1359.317 | J15: 1359.048 | K15: 1320.827 | L15: 1046.65 | M15: 1191.518 | N15: =SUM(B15:M15) -> 13181.323
A16: IOCL-GUWAHATI,ASSAM | B16: 0 | C16: 23.551 | D16: 64.006 | E16: 87.05 | F16: 89.198 | G16: 74.933 | H16: 84.444 | I16: 82.691 | J16: 84.344 | K16: 90.316 | L16: 79.684 | M16: 89.021 | N16: =SUM(B16:M16) -> 849.238
A17: IOCL-DIGBOI,ASSAM | B17: 53.563 | C17: 56.229 | D17: 61.049 | E17: 51.232 | F17: 56.047 | G17: 45.892 | H17: 61.006 | I17: 58.644 | J17: 57.945 | K17: 57.653 | L17: 22.416 | M17: 23.434 | N17: =SUM(B17:M17) -> 605.11
A18: IOCL-BONGAIGAON,ASSAM | B18: 174.217 | C18: 196.199 | D18: 192.625 | E18: 222.436 | F18: 206.294 | G18: 188.809 | H18: 222.236 | I18: 206.413 | J18: 204.396 | K18: 210.933 | L18: 195.934 | M18: 229.969 | N18: =SUM(B18:M18) -> 2450.461
A19: IOCL-PARADIP,ODISHA | B19: 725.261 | C19: 959.357 | D19: 1227.305 | E19: 1024.685 | F19: 266.397 | G19: 992.057 | H19: 1278.956 | I19: 1325.084 | J19: 976.53 | K19: 1206.436 | L19: 1164.255 | M19: 1361.616 | N19: =SUM(B19:M19) -> 12507.939
A20: IOCL TOTAL | B20: =SUM(B11:B19) -> 3046.129 | C20: =SUM(C11:C19) -> 4310.901 | D20: =SUM(D11:D19) -> 5572.877 | E20: =SUM(E11:E19) -> 5363.002 | F20: =SUM(F11:F19) -> 3949.643 | G20: =SUM(G11:G19) -> 4656.716 | H20: =SUM(H11:H19) -> 5662.057 | I20: =SUM(I11:I19) -> 6209.678 | ... N20: =SUM(N11:N19) -> 62350.647
A22: Chennai Petroleum Corporation Ltd. (CPCL)
A23: CPCL-MANALI, TAMILNADU | B23: 307.60443 | C23: 441.20078 | D23: 579.15932 | E23: 723.80293 | F23: 561.67691 | G23: 769.86892 | H23: 725.2619 | I23: 729.44649 | J23: 766.26665 | K23: 917.46453 | L23: 757.59894 | M23: 963.53868 | N23: =SUM(B23:M23) -> 8242.8905
A24: CPCL-NARIMANAM,TAMILNADU | B24: 0 | C24: 0 | D24: 0 | E24: 0 | F24: 0 | G24: 0 | H24: 0 | I24: 0 | J24: 0 | K24: 0 | L24: 0 | M24: 0 | N24: =SUM(B24:M24) -> 0
A25: CPCL-TOTAL | B25: =SUM(B23:B24) -> 307.60443 | C25: =SUM(C23:C24) -> 441.20078 | D25: =SUM(D23:D24) -> 579.15932 | E25: =SUM(E23:E24) -> 723.80293 | F25: =SUM(F23:F24) -> 561.67691 | G25: =SUM(G23:G24) -> 769.86892 | H25: =SUM(H23:H24) -> 725.2619 | I25: =SUM(I23:I24) -> 729.44649 | ... M25: =SUM(M23:M24) -> 963.53868 | N25: =SUM(B25:M25) -> 8242.8905
A27: Bharat Petroleum Corporation Ltd. (BPCL)
A28: BPCL-MUMBAI, MAHARASHTRA | B28: 768.43205 | C28: 907.02951 | D28: 971.80884 | E28: 1096.853 | F28: 827.69401 | G28: 909.3861 | H28: 1051.219 | I28: 1247.3111 | J28: 1200.474 | K28: 1320.1734 | L28: 1263.765 | M28: 1376.4491 | N28: =SUM(B28:M28) -> 12940.595
A29: BPCL-KOCHI, KERALA | B29: 815.3295 | C29: 676.42608 | D29: 931.42591 | E29: 843.74463 | F29: 935.67298 | G29: 980.36738 | H29: 1065.7302 | I29: 1337.3942 | J29: 1328.8164 | K29: 1573.1396 | L29: 1410.3965 | M29: 1383.3507 | N29: =SUM(B29:M29) -> 13281.794
A30: BORL-BINA | B30: 332.28393 | C30: 440.07313 | D30: 387.19589 | E30: 411.47019 | F30: 450.86828 | G30: 489.28364 | H30: 561.14166 | I30: 593.92538 | J30: 625.34321 | K30: 694.44121 | L30: 601.47248 | M30: 602.13099 | N30: =SUM(B30:M30) -> 6189.63
A31: NRL-NUMALIGARH, ASSAM | B31: 169.73277 | C31: 205.76543 | D31: 249.71455 | E31: 219.30183 | F31: 225.72064 | G31: 198.14477 | H31: 232.22806 | I31: 230.11692 | J31: 259.78027 | K31: 248.84312 | L31: 227.10363 | M31: 240.90137 | N31: =SUM(B31:M31) -> 2707.3534
A32: BPCL-TOTAL | B32: =SUM(B28:B31) -> 2085.7782 | C32: =SUM(C28:C31) -> 2229.2941 | D32: =SUM(D28:D31) -> 2540.1452 | E32: =SUM(E28:E31) -> 2571.3697 | F32: =SUM(F28:F31) -> 2439.9559 | G32: =SUM(G28:G31) -> 2577.1819 | H32: =SUM(H28:H31) -> 2910.3188 | I32: =SUM(I28:I31) -> 3408.7476 | ... M32: =SUM(M28:M31) -> 3602.8321 | N32: =SUM(B32:M32) -> 35119.372
A34: Oil & Natural Gas Corporation Ltd. (ONGC)
A35: ONGC-TATIPAKA,ANDHRA PRADESH | B35: 1.917599 | C35: 6.292385 | D35: 7.412129 | E35: 7.266961 | F35: 7.426 | G35: 7.288859 | H35: 7.098053 | I35: 6.692406 | J35: 7.10751 | K35: 7.559351 | L35: 7.207295 | M35: 7.721329 | N35: =SUM(B35:M35) -> 80.989877
A36: MRPL-MANGALORE,KARNATAKA | B36: 670.64642 | C36: 565.893 | D36: 626.9512 | E36: 765.711 | F36: 905.22121 | G36: 812.518 | H36: 731.015 | I36: 1011.4409 | J36: 1306.5627 | K36: 1419.8366 | L36: 1297.3569 | M36: 1361.3944 | N36: =SUM(B36:M36) -> 11474.547
A37: ONGC TOTAL | B37: =SUM(B35:B36) -> 672.56402 | C37: =SUM(C35:C36) -> 572.18538 | D37: =SUM(D35:D36) -> 634.36333 | E37: =SUM(E35:E36) -> 772.97796 | F37: =SUM(F35:F36) -> 912.64721 | G37: =SUM(G35:G36) -> 819.80686 | H37: =SUM(H35:H36) -> 738.11305 | I37: =SUM(I35:I36) -> 1018.1333 | ... M37: =SUM(M35:M36) -> 1369.1157 | N37: =SUM(B37:M37) -> 11555.537
A39: Hindustan Petroleum Corporation Ltd. (HPCL)
A40: HPCL-MUMBAI,MAHARASHTRA | B40: 549.48409 | C40: 524.54383 | D40: 653.90868 | E40: 637.23881 | F40: 658.21358 | G40: 670.22153 | H40: 495.89462 | I40: 611.71652 | J40: 577.89486 | K40: 638.70285 | L40: 641.81962 | M40: 714.56907 | N40: =SUM(B40:M40) -> 7374.2081
A41: HPCL-VISAKH,ANDHRA PRADESH | B41: 774.48944 | C41: 742.62523 | D41: 725.23776 | E41: 717.53046 | F41: 651.49381 | G41: 728.15618 | H41: 792.94546 | I41: 807.51891 | J41: 706.58101 | K41: 800.23725 | L41: 737.10237 | M41: 866.55462 | N41: =SUM(B41:M41) -> 9050.4725
A42: HMEL-GGSR, BATHINDA, PUNJAB | B42: 592.85 | C42: 653.139 | D42: 784.708 | E42: 1035.451 | F42: 1047.468 | G42: 1015.784 | H42: 1038.175 | I42: 1037.997 | J42: 1026.716 | K42: 801.292 | L42: 13.369 | M42: 1025.053 | N42: =SUM(B42:M42) -> 10072.002
A43: HPCL-TOTAL | B43: =SUM(B40:B42) -> 1916.8235 | C43: =SUM(C40:C42) -> 1920.3081 | D43: =SUM(D40:D42) -> 2163.8544 | E43: =SUM(E40:E42) -> 2390.2203 | F43: =SUM(F40:F42) -> 2357.1754 | G43: =SUM(G40:G42) -> 2414.1617 | H43: =SUM(H40:H42) -> 2327.0151 | I43: =SUM(I40:I42) -> 2457.2324 | ... M43: =SUM(M40:M42) -> 2606.1767 | N43: =SUM(B43:M43) -> 26496.683
A45: Reliance Industries Ltd. (RIL)
A46: RIL,JAMNAGAR,GUJARAT | B46: 2791.9726 | C46: 2762.3106 | D46: 2605.2195 | E46: 2830.4031 | F46: 3020.7571 | G46: 2779.2211 | H46: 3022.5757 | I46: 2871.3877 | J46: 2996.4313 | K46: 2916.0186 | L46: 2664.3566 | M46: 2839.026 | N46: =SUM(B46:M46) -> 34099.68
A47: RIL-(SEZ), JAMNAGAR,GUJARAT | B47: 2522.518 | C47: 2549.9839 | D47: 2047.2788 | E47: 1468.4577 | F47: 1368.9837 | G47: 2229.7509 | H47: 2441.1296 | I47: 2610.6464 | J47: 2691.2276 | K47: 2648.3756 | L47: 2212.0071 | M47: 2050.9158 | N47: =SUM(B47:M47) -> 26841.275
A48: RIL TOTAL | B48: =SUM(B46:B47) -> 5314.4905 | C48: =SUM(C46:C47) -> 5312.2945 | D48: =SUM(D46:D47) -> 4652.4982 | E48: =SUM(E46:E47) -> 4298.8609 | F48: =SUM(F46:F47) -> 4389.7408 | G48: =SUM(G46:G47) -> 5008.9719 | H48: =SUM(H46:H47) -> 5463.7053 | I48: =SUM(I46:I47) -> 5482.0341 | ... M48: =SUM(M46:M47) -> 4889.9418 | N48: =SUM(B48:M48) -> 60940.955
A50: NEL-VADINAR,GUJARAT | B50: 1401.7868 | C50: 1560.9431 | D50: 1394.1967 | E50: 1559.914 | F50: 1538.8263 | G50: 1460.1448 | H50: 562.79267 | I50: 1476.4964 | J50: 1543.6399 | K50: 1544.7996 | L50: 1396.7906 | M50: 1626.7805 | N50: =SUM(B50:M50) -> 17067.111
A52: GRAND TOTAL | B52: =+B20+B25+B32+B37+B43+B48+B50 -> 14745.177 | C52: =+C20+C25+C32+C37+C43+C48+C50 -> 16347.127 | D52: =+D20+D25+D32+D37+D43+D48+D50 -> 17537.094 | E52: =+E20+E25+E32+E37+E43+E48+E50 -> 17680.148 | F52: =+F20+F25+F32+F37+F43+F48+F50 -> 16149.666 | G52: =+G20+G25+G32+G37+G43+G48+G50 -> 17706.852 | H52: =+H20+H25+H32+H37+H43+H48+H50 -> 18389.264 | I52: =+I20+I25+I32+I37+I43+I48+I50 -> 20781.768 | ... M52: =+M20+M25+M32+M37+M43+M48+M50 -> 20985.284 | N52: =SUM(B52:M52) -> 221773.2
A53: Note :
A54: Source : Oil Companies.

Sheet Monthwise 2019-20
C2: Petroleum Planning & Analysis Cell
A7: 2019-20 | I7: ('000 Metric Tonnes)
A8: Crude Oil Processed by Refineries
A9: OIL COMPANIES | B9: APR | C9: MAY | D9: JUN | E9: JULY | F9: AUG | G9: SEP | H9: OCT | I9: NOV | J9: DEC | K9: JAN | L9: FEB | M9: MAR | N9: TOTAL
A10: Indian Oil Corporation Ltd.(IOCL)
A11: IOCL-BARAUNI,BIHAR | B11: 568.619 | C11: 582.78 | D11: 569.518 | E11: 581.487 | F11: 461.788 | G11: 434.612 | H11: 538.976 | I11: 594.799 | J11: 572.995 | K11: 556.909 | L11: 541.376 | M11: 511.674 | N11: 6515.533
A12: IOCL-KOYALI, GUJARAT | B12: 637.655 | C12: 817.111 | D12: 937.449 | E12: 1117.818 | F12: 993.803 | G12: 1086.221 | H12: 1256.184 | I12: 1271.088 | J12: 1299.229 | K12: 1262.295 | L12: 1228.934 | M12: 1166.959 | N12: 13074.744
A13: IOCL-HALDIA, WEST BENGAL | B13: 684.222 | C13: 703.712 | D13: 687.906 | E13: 708.032 | F13: 599.918 | G13: 515.586 | H13: 373.197 | I13: 363.607 | J13: 376.048 | K13: 339.85 | L13: 517.431 | M13: 593.783 | N13: 6463.292
A14: IOCL-MATHURA, UTTAR PRADESH | B14: 847.237 | C14: 889.678 | D14: 870.179 | E14: 899.136 | F14: 858.56 | G14: 843.126 | H14: 866.429 | I14: 829.502 | J14: 82.814 | K14: 430.699 | L14: 747.478 | M14: 783.201 | N14: 8948.039
A15: IOCL-PANIPAT, HARYANA | B15: 1154.681 | C15: 1374.667 | D15: 1291.537 | E15: 1401.681 | F15: 1329.78 | G15: 580.47 | H15: 1267.255 | I15: 1292.905 | J15: 1401.98 | K15: 1395.113 | L15: 1332.449 | M15: 1215.578 | N15: 15038.096
A16: IOCL-GUWAHATI,ASSAM | B16: 74.71 | C16: 74.162 | D16: 80.307 | E16: 86.44 | F16: 92.773 | G16: 89.596 | H16: 81.411 | I16: 90.414 | J16: 87.209 | K16: 82.953 | L16: 52.428 | M16: 0 | N16: 892.403
A17: IOCL-DIGBOI,ASSAM | B17: 52.163 | C17: 52.566 | D17: 50.878 | E17: 59.917 | F17: 50.1 | G17: 53.687 | H17: 60.411 | I17: 58.916 | J17: 48.501 | K17: 61.685 | L17: 55.97 | M17: 59.439 | N17: 664.233
A18: IOCL-BONGAIGAON,ASSAM | B18: 198.33 | C18: 196.55 | D18: 194.917 | E18: 206.787 | F18: 207.609 | G18: 206.515 | H18: 216.232 | I18: 219.587 | J18: 64.998 | K18: 108.318 | L18: 90.338 | M18: 134.643 | N18: 2044.824
A19: IOCL-PARADIP,ODISHA | B19: 1316.818 | C19: 1235.475 | D19: 1138.974 | E19: 1354.654 | F19: 1365.025 | G19: 1352.301 | H19: 1382.581 | I19: 1369.257 | J19: 1429.69 | K19: 1404.748 | L19: 1157.823 | M19: 1270.852 | N19: 15778.198
A20: IOCL TOTAL | B20: 5534.435 | C20: 5926.701 | D20: 5821.665 | E20: 6415.952 | F20: 5959.356 | G20: 5162.114 | H20: 6042.676 | I20: 6090.075 | J20: 5363.464 | K20: 5642.57 | L20: 5724.227 | M20: 5736.129 | N20: =SUM(N11:N19) -> 69419.362
A22: Chennai Petroleum Corporation Ltd. (CPCL)
A23: CPCL-MANALI, TAMILNADU | B23: 839.9106 | C23: 904.23637 | D23: 877.78488 | E23: 925.23806 | F23: 898.16026 | G23: 743.42983 | H23: 711.08917 | I23: 788.62578 | J23: 936.78167 | K23: 946.86017 | L23: 735.32839 | M23: 853.19167 | N23: 10160.637
A24: CPCL-NARIMANAM,TAMILNADU | B24: 0 | C24: 0 | D24: 0 | E24: 0 | F24: 0 | G24: 0 | H24: 0 | I24: 0 | J24: 0 | K24: 0 | L24: 0 | M24: 0 | N24: 0
A25: CPCL-TOTAL | B25: 839.9106 | C25: 904.23637 | D25: 877.78488 | E25: 925.23806 | F25: 898.16026 | G25: 743.42983 | H25: 711.08917 | I25: 788.62578 | J25: 936.78167 | K25: 946.86017 | L25: 735.32839 | M25: 853.19167 | N25: =SUM(N23:N24) -> 10160.637
A27: Bharat Petroleum Corporation Ltd. (BPCL)
A28: BPCL-MUMBAI, MAHARASHTRA | B28: 1122.3388 | C28: 1332.9181 | D28: 629.59985 | E28: 1298.5713 | F28: 1302.6854 | G28: 1303.7721 | H28: 1372.3644 | I28: 1308.9614 | J28: 1343.6126 | K28: 1373.0736 | L28: 1290.657 | M28: 1338.1221 | N28: 15016.676
A29: BPCL-KOCHI, KERALA | B29: 1450.8964 | C29: 1427.698 | D29: 1476.8709 | E29: 1462.6373 | F29: 1444.0891 | G29: 953.45235 | H29: 1307.0918 | I29: 1392.0169 | J29: 1410.1845 | K29: 1453.2537 | L29: 1368.8451 | M29: 1368.395 | N29: 16515.431
A30: BORL-BINA | B30: 671.05827 | C30: 704.55687 | D30: 677.35185 | E30: 523.39226 | F30: 670.33203 | G30: 532.37522 | H30: 666.67154 | I30: 657.82901 | J30: 717.44886 | K30: 706.45851 | L30: 652.2206 | M30: 733.21086 | N30: 7912.9059
A31: NRL-NUMALIGARH, ASSAM | B31: 240.69903 | C31: 223.30564 | D31: 217.21402 | E31: 259.05584 | F31: 243.13015 | G31: 210.95521 | H31: 246.41364 | I31: 118.70578 | J31: -0.000162926 | K31: 151.51906 | L31: 224.69106 | M31: 247.64947 | N31: 2383.3388
A32: BPCL-TOTAL | B32: 3484.9925 | C32: 3688.4786 | D32: 3001.0366 | E32: 3543.6567 | F32: 3660.2366 | G32: 3000.5548 | H32: 3592.5414 | I32: 3477.5131 | J32: 3471.2458 | K32: 3684.305 | L32: 3536.4138 | M32: 3687.3774 | N32: =SUM(N28:N31) -> 41828.352
A34: Oil & Natural Gas Corporation Ltd. (ONGC)
A35: ONGC-TATIPAKA,ANDHRA PRADESH | B35: 6.192458 | C35: 7.808225 | D35: 7.513978 | E35: 7.488659 | F35: 7.620028 | G35: 7.027033 | H35: 7.365918 | I35: 7.534362 | J35: 7.103229 | K35: 9.095599 | L35: 5.544989 | M35: 6.633775 | N35: 86.928253
A36: MRPL-MANGALORE,KARNATAKA | B36: 978.989 | C36: 722.29583 | D36: 858.834 | E36: 1428.4295 | F36: 1074.7206 | G36: 984.1402 | H36: 1397.9594 | I36: 1346.2574 | J36: 1354.754 | K36: 1305.836 | L36: 1304.2142 | M36: 1196.676 | N36: 13953.106
A37: ONGC TOTAL | B37: 985.18146 | C37: 730.10406 | D37: 866.34798 | E37: 1435.9182 | F37: 1082.3406 | G37: 991.16723 | H37: 1405.3253 | I37: 1353.7918 | J37: 1361.8572 | K37: 1314.9316 | L37: 1309.7592 | M37: 1203.3098 | N37: =SUM(N35:N36) -> 14040.034
A39: Hindustan Petroleum Corporation Ltd. (HPCL)
A40: HPCL-MUMBAI,MAHARASHTRA | B40: 306.98515 | C40: 532.16264 | D40: 718.12521 | E40: 772.84273 | F40: 766.59772 | G40: 752.85864 | H40: 773.01966 | I40: 744.18417 | J40: 582.08106 | K40: 680.03994 | L40: 716.89548 | M40: 719.36905 | N40: 8065.1615
A41: HPCL-VISAKH,ANDHRA PRADESH | B41: 782.87855 | C41: 819.10891 | D41: 756.18969 | E41: 853.80437 | F41: 796.53308 | G41: 626.38171 | H41: 615.32522 | I41: 776.18435 | J41: 664.09044 | K41: 830.86239 | L41: 798.28507 | M41: 795.40543 | N41: 9115.0492
A42: HMEL-GGSR, BATHINDA, PUNJAB | B42: 1050.597 | C42: 1082.82 | D42: 1054.387 | E42: 1086.303 | F42: 984.74 | G42: 602.175 | H42: 1104.363 | I42: 1072.462 | J42: 1110.225 | K42: 1100.929 | L42: 1028.208 | M42: 964.855 | N42: 12242.064
A43: HPCL-TOTAL | B43: 2140.4607 | C43: 2434.0915 | D43: 2528.7019 | E43: 2712.9501 | F43: 2547.8708 | G43: 1981.4154 | H43: 2492.7079 | I43: 2592.8305 | J43: 2356.3965 | K43: 2611.8313 | L43: 2543.3885 | M43: 2479.6295 | N43: =SUM(N40:N42) -> 29422.275
A45: Reliance Industries Ltd. (RIL)
A46: RIL,JAMNAGAR,GUJARAT | B46: 2825.3085 | C46: 2809.5559 | D46: 2402.6337 | E46: 1700.3834 | F46: 2824.8497 | G46: 2866.0896 | H46: 2949.3841 | I46: 2828.2094 | J46: 2840.3148 | K46: 3076.9936 | L46: 2880.927 | M46: 3013.8825 | N46: 33018.532
A47: RIL-(SEZ), JAMNAGAR,GUJARAT | B47: 3180.692 | C47: 3327.906 | D47: 3079.859 | E47: 3259.989 | F47: 3197.289 | G47: 3028.464 | H47: 2948.271 | I47: 3111.604 | J47: 2794.832 | K47: 2649.641 | L47: 2786.852 | M47: 2511.055 | N47: 35876.454
A48: RIL TOTAL | B48: 6006.0005 | C48: 6137.4619 | D48: 5482.4927 | E48: 4960.3724 | F48: 6022.1387 | G48: 5894.5536 | H48: 5897.6551 | I48: 5939.8134 | J48: 5635.1468 | K48: 5726.6346 | L48: 5667.779 | M48: 5524.9375 | N48: =SUM(N46:N47) -> 68894.986
A50: NEL-VADINAR,GUJARAT | B50: 1712.0819 | C50: 1756.7738 | D50: 1724.6281 | E50: 1782.9423 | F50: 1782.5703 | G50: 1641.7629 | H50: 1784.1586 | I50: 1657.9676 | J50: 1704.9601 | K50: 1752.0522 | L50: 1601.2686 | M50: 1719.0114 | N50: 20620.178
A52: GRAND TOTAL | B52: 20703.063 | C52: 21577.847 | D52: 20302.657 | E52: 21777.03 | F52: 21952.673 | G52: 19414.998 | H52: 21926.153 | I52: 21900.617 | J52: 20829.852 | K52: 21679.185 | L52: 21118.164 | M52: 21203.586 | N52: =+N50+N48+N43+N37+N32+N25+N20 -> 254385.82
A53: Note :
A54: Source : Oil Companies.

Sheet Monthwise 2018-19
C2: Petroleum Planning & Analysis Cell
A7: 2018-19 | I7: ('000 Metric Tonnes)
A8: Crude Oil Processed by Refineries
A9: OIL COMPANIES | B9: APR | C9: MAY | D9: JUN | E9: JULY | F9: AUG | G9: SEP | H9: OCT | I9: NOV | J9: DEC | K9: JAN | L9: FEB | M9: MAR | N9: TOTAL
A10: Indian Oil Corporation Ltd.(IOCL)
A11: IOCL-BARAUNI,BIHAR | B11: 572.554 | C11: 591.885 | D11: 475.164 | E11: 550.387 | F11: 524.095 | G11: 474.578 | H11: 587.46 | I11: 557.646 | J11: 599.71 | K11: 586.377 | L11: 545.598 | M11: 595.734 | N11: 6661.188
A12: IOCL-KOYALI, GUJARAT | B12: 1244.855 | C12: 1198.508 | D12: 1166.367 | E12: 970.556 | F12: 1004.802 | G12: 1002.126 | H12: 1260.558 | I12: 1229.963 | J12: 1188.658 | K12: 1182.865 | L12: 1074.667 | M12: 980.993 | N12: 13504.918
A13: IOCL-HALDIA, WEST BENGAL | B13: 685.303 | C13: 638.905 | D13: 687.722 | E13: 699.41 | F13: 646.077 | G13: 676.081 | H13: 705.313 | I13: 571.827 | J13: 688.705 | K13: 617.384 | L13: 638.826 | M13: 709.303 | N13: 7964.856
A14: IOCL-MATHURA, UTTAR PRADESH | B14: 846.661 | C14: 858.819 | D14: 841.9 | E14: 813.753 | F14: 755.664 | G14: 720.781 | H14: 874.426 | I14: 841.446 | J14: 821.511 | K14: 722.632 | L14: 772.378 | M14: 866.565 | N14: 9736.536
A15: IOCL-PANIPAT, HARYANA | B15: 1351.401 | C15: 1384.817 | D15: 1345.672 | E15: 1386.139 | F15: 1383.253 | G15: 1332.483 | H15: 1383.107 | I15: 1340.27 | J15: 1388.504 | K15: 1384.219 | L15: 889.97 | M15: 710.682 | N15: 15280.517
A16: IOCL-GUWAHATI,ASSAM | B16: 90.002 | C16: 91.933 | D16: 90.726 | E16: 91.637 | F16: 90.564 | G16: 90.583 | H16: 65.862 | I16: 79.872 | J16: 15.919 | K16: 0 | L16: 74.879 | M16: 81.192 | N16: 863.169
A17: IOCL-DIGBOI,ASSAM | B17: 55.824 | C17: 58.2 | D17: 56.339 | E17: 58.501 | F17: 51.707 | G17: 58.113 | H17: 59.646 | I17: 56.474 | J17: 53.697 | K17: 56.47 | L17: 49.033 | M17: 61.52 | N17: 675.524
A18: IOCL-BONGAIGAON,ASSAM | B18: 184.19 | C18: 196.573 | D18: 195.848 | E18: 210.58 | F18: 212.534 | G18: 200.901 | H18: 207.23 | I18: 197.837 | J18: 226.604 | K18: 240.639 | L18: 214.331 | M18: 225.506 | N18: 2512.773
A19: IOCL-PARADIP,ODISHA | B19: 279.094 | C19: 1265.526 | D19: 1211.638 | E19: 1330.406 | F19: 1330.207 | G19: 1150.603 | H19: 1284.149 | I19: 1348.642 | J19: 1346.626 | K19: 1381.169 | L19: 1260.129 | M19: 1428.196 | N19: 14616.385
A20: IOCL TOTAL | B20: 5309.884 | C20: 6285.166 | D20: 6071.376 | E20: 6111.369 | F20: 5998.903 | G20: 5706.249 | H20: 6427.751 | I20: 6223.977 | J20: 6329.934 | K20: 6171.755 | L20: 5519.811 | M20: 5659.691 | N20: 71815.866
A22: Chennai Petroleum Corporation Ltd. (CPCL)
A23: CPCL-MANALI, TAMILNADU | B23: 826.92979 | C23: 806.53954 | D23: 875.577 | E23: 961.02073 | F23: 954.18628 | G23: 924.00506 | H23: 629.77972 | I23: 582.04773 | J23: 938.70215 | K23: 958.19122 | L23: 872.32594 | M23: 942.02817 | N23: 10271.333
A24: CPCL-NARIMANAM,TAMILNADU | B24: 35.333 | C24: 34.682 | D24: 41.445 | E24: 29.935 | F24: 0 | G24: 36.804 | H24: 44.317 | I24: 45.23 | J24: 38.95 | K24: 45.771 | L24: 9.052 | M24: 61.848 | N24: 423.367
A25: CPCL-TOTAL | B25: 862.26279 | C25: 841.22154 | D25: 917.022 | E25: 990.95573 | F25: 954.18628 | G25: 960.80906 | H25: 674.09672 | I25: 627.27773 | J25: 977.65215 | K25: 1003.9622 | L25: 881.37794 | M25: 1003.8762 | N25: 10694.7
A27: Bharat Petroleum Corporation Ltd. (BPCL)
A28: BPCL-MUMBAI, MAHARASHTRA | B28: 1246.4484 | C28: 1231.5032 | D28: 1267.6386 | E28: 1256.9444 | F28: 1051.1379 | G28: 1149.8217 | H28: 1303.2448 | I28: 1217.6934 | J28: 1260.5955 | K28: 1236.2534 | L28: 1180.2961 | M28: 1371.1365 | N28: 14772.714
A29: BPCL-KOCHI, KERALA | B29: 1264.5859 | C29: 1448.9273 | D29: 1315.2808 | E29: 1357.0007 | F29: 1459.5201 | G29: 1352.1742 | H29: 1265.9354 | I29: 1350.7243 | J29: 955.76641 | K29: 1517.2138 | L29: 1341.677 | M29: 1421.9134 | N29: 16050.719
A30: BORL-BINA | B30: 462.35152 | C30: 640.07476 | D30: 615.87984 | E30: 642.86412 | F30: 153.95644 | G30: 0 | H30: 81.557994 | I30: 490.21242 | J30: 572.89852 | K30: 717.78217 | L30: 635.52755 | M30: 702.77606 | N30: 5715.8814
A31: NRL-NUMALIGARH, ASSAM | B31: 224.45255 | C31: 213.78956 | D31: 237.56864 | E31: 238.73843 | F31: 271.48518 | G31: 240.55032 | H31: 255.56762 | I31: 253.48877 | J31: 263.507 | K31: 239.99752 | L31: 215.14495 | M31: 246.09505 | N31: 2900.3856
A32: BPCL-TOTAL | B32: 3197.8383 | C32: 3534.2949 | D32: 3436.3679 | E32: 3495.5477 | F32: 2936.0997 | G32: 2742.5463 | H32: 2906.3058 | I32: 3312.1189 | J32: 3052.7674 | K32: 3711.2469 | L32: 3372.6456 | M32: 3741.921 | N32: 39439.7
A34: Oil & Natural Gas Corporation Ltd. (ONGC)
A35: ONGC-TATIPAKA,ANDHRA PRADESH | B35: 6.745585 | C35: 5.866692 | D35: 3.435748 | E35: 3.505983 | F35: 4.519076 | G35: 4.95242 | H35: 5.320185 | I35: 4.01721 | J35: 5.307445 | K35: 7.498545 | L35: 7.057067 | M35: 7.930298 | N35: 66.156254
A36: MRPL-MANGALORE,KARNATAKA | B36: 1253.769 | C36: 1219.2759 | D36: 1378.198 | E36: 1353.262 | F36: 1115.3783 | G36: 1332.2158 | H36: 1478.5405 | I36: 1428.3937 | J36: 1468.354 | K36: 1459.31 | L36: 1328.3404 | M36: 1416.007 | N36: 16231.045
A37: ONGC TOTAL | B37: 1260.5146 | C37: 1225.1426 | D37: 1381.6337 | E37: 1356.768 | F37: 1119.8974 | G37: 1337.1682 | H37: 1483.8606 | I37: 1432.411 | J37: 1473.6614 | K37: 1466.8085 | L37: 1335.3975 | M37: 1423.9373 | N37: 16297.201
A39: HPCL-MUMBAI,MAHARASHTRA | B39: 701.92416 | C39: 733.10455 | D39: 674.95323 | E39: 760.40595 | F39: 762.20072 | G39: 741.85112 | H39: 677.23131 | I39: 751.82984 | J39: 725.66557 | K39: 674.33162 | L39: 696.8372 | M39: 770.59446 | N39: 8670.9297
A40: HPCL-VISAKH,ANDHRA PRADESH | B40: 765.16911 | C40: 813.80809 | D40: 832.19057 | E40: 838.11545 | F40: 839.11139 | G40: 814.17844 | H40: 851.12277 | I40: 793.741 | J40: 765.51216 | K40: 834.3144 | L40: 769.16913 | M40: 856.70605 | N40: 9773.1385
A41: HMEL-GGSR, BATHINDA, PUNJAB | B41: 1038.303 | C41: 1051.35 | D41: 1035.111 | E41: 1031.827 | F41: 1034.312 | G41: 1012.944 | H41: 1077.765 | I41: 1042.766 | J41: 1085.227 | K41: 961.61 | L41: 1006.805 | M41: 1094.784 | N41: 12472.804
A42: HPCL-TOTAL | B42: 2505.3963 | C42: 2598.2626 | D42: 2542.2548 | E42: 2630.3484 | F42: 2635.6241 | G42: 2568.9736 | H42: 2606.1191 | I42: 2588.3368 | J42: 2576.4047 | K42: 2470.256 | L42: 2472.8113 | M42: 2722.0845 | N42: 30916.872
A44: Reliance Industries Ltd. (RIL)
A45: RIL,JAMNAGAR,GUJARAT | B45: 2685.815 | C45: 2782.6679 | D45: 2701.3694 | E45: 2836.7082 | F45: 2792.8569 | G45: 2663.673 | H45: 2762.1707 | I45: 2683.7934 | J45: 2806.9778 | K45: 2211.4516 | L45: 1974.946 | M45: 2849.7213 | N45: 31752.151
A46: RIL-(SEZ), JAMNAGAR,GUJARAT | B46: 2301.282 | C46: 3184.616 | D46: 3091.007 | E46: 3200.964 | F46: 3219.129 | G46: 3137.663 | H46: 3241.275 | I46: 3230.179 | J46: 3332.429 | K46: 3203.321 | L46: 2946.793 | M46: 3304.19 | N46: 37392.848
A47: RIL TOTAL | B47: 4987.097 | C47: 5967.2839 | D47: 5792.3764 | E47: 6037.6722 | F47: 6011.9859 | G47: 5801.336 | H47: 6003.4457 | I47: 5913.9724 | J47: 6139.4068 | K47: 5414.7726 | L47: 4921.739 | M47: 6153.9113 | N47: 69144.999
A49: NEL-VADINAR,GUJARAT | B49: 1729.8367 | C49: 1789.717 | D49: 1723.9943 | E49: 1787.0213 | F49: 1781.1481 | G49: 1734.3998 | H49: 1781.48 | I49: 1010.1125 | J49: 482.09233 | K49: 1706.0545 | L49: 1579.6448 | M49: 1790.0135 | N49: 18895.515
A51: GRAND TOTAL | B51: 19852.83 | C51: 22241.088 | D51: 21865.025 | E51: 22409.682 | F51: 21437.844 | G51: 20851.482 | H51: 21883.059 | I51: 21108.206 | J51: 21031.919 | K51: 21944.856 | L51: 20083.427 | M51: 22495.435 | N51: 257204.85
A52: Note :
A53: Source : Oil Companies.

Sheet Monthwise 2017-18
C3: Petroleum Planning & Analysis Cell
A8: 2017-18 | I8: ('000 Metric Tonnes)
A9: Crude Oil Processed by Refineries
A10: OIL COMPANIES | B10: APR | C10: MAY | D10: JUN | E10: JULY | F10: AUG | G10: SEP | H10: OCT | I10: NOV | J10: DEC | K10: JAN | L10: FEB | M10: MAR | N10: TOTAL
A11: Indian Oil Corporation Ltd.(IOCL)
A12: IOCL-KOYALI, GUJARAT | B12: 1125.205 | C12: 1168.872 | D12: 784.532 | E12: 885.48 | F12: 1239.887 | G12: 1137.691 | H12: 1232.886 | I12: 1252.494 | J12: 1288.821 | K12: 1279.221 | L12: 1160.662 | M12: 1255.567 | N12: 13811.318
A13: IOCL-MATHURA, UTTAR PRADESH | B13: 796.073 | C13: 825.283 | D13: 826.099 | E13: 802.476 | F13: 723.211 | G13: 303.816 | H13: 839.393 | I13: 802.686 | J13: 881.406 | K13: 830.037 | L13: 741.616 | M13: 868.112 | N13: 9240.208
A14: IOCL-PANIPAT, HARYANA | B14: 1326.318 | C14: 1402.066 | D14: 1310.351 | E14: 1001.548 | F14: 1113.774 | G14: 1333.635 | H14: 1412.008 | I14: 1354.604 | J14: 1366.788 | K14: 1364.906 | L14: 1250.348 | M14: 1417.85 | N14: 15654.196
A15: IOCL-HALDIA, WEST BENGAL | B15: 658.631 | C15: 707.317 | D15: 673.284 | E15: 690.844 | F15: 670.089 | G15: 665.752 | H15: 689.955 | I15: 661.936 | J15: 179.705 | K15: 709.346 | L15: 651.299 | M15: 697.333 | N15: 7655.491
A16: IOCL-BARAUNI,BIHAR | B16: 558.278 | C16: 533.297 | D16: 550.125 | E16: 303.629 | F16: 118.718 | G16: 433.816 | H16: 518.85 | I16: 542.51 | J16: 610.057 | K16: 596.86 | L16: 451.725 | M16: 600.769 | N16: 5818.634
A17: IOCL-DIGBOI,ASSAM | B17: 53.135 | C17: 54.473 | D17: 52.494 | E17: 59.763 | F17: 58.427 | G17: 55.977 | H17: 56.434 | I17: 55.397 | J17: 51.12 | K17: 57.688 | L17: 48.142 | M17: 62.573 | N17: 665.623
A18: IOCL-GUWAHATI,ASSAM | B18: 87.591 | C18: 86.462 | D18: 64.178 | E18: 86.175 | F18: 86.622 | G18: 84.663 | H18: 95.297 | I18: 90.093 | J18: 92.35 | K18: 85.876 | L18: 74.909 | M18: 89.473 | N18: 1023.689
A19: IOCL-BONGAIGAON,ASSAM | B19: 200.595 | C19: 174.305 | D19: 201.569 | E19: 233.855 | F19: 173.977 | G19: 193.221 | H19: 198.505 | I19: 138.096 | J19: 253.999 | K19: 204.628 | L19: 210.275 | M19: 218.561 | N19: 2401.586
A20: IOCL-PARADIP,ODISHA | B20: 726.485 | C20: 1307.014 | D20: 1266.806 | E20: 1314.05 | F20: 1108.364 | G20: 1216.717 | H20: 1071.962 | I20: 1232.949 | J20: 1261.648 | K20: 1080.356 | L20: 757.513 | M20: 386.573 | N20: 12730.437
A21: IOCL TOTAL | B21: 5532.311 | C21: 6259.089 | D21: 5729.438 | E21: 5377.82 | F21: 5293.069 | G21: 5425.288 | H21: 6115.29 | I21: 6130.765 | J21: 5985.894 | K21: 6208.918 | L21: 5346.489 | M21: 5596.811 | N21: 69001.182
A23: Hindustan Petroleum Corporation Ltd. (HPCL)
A24: HPCL-MUMBAI,MAHARASHTRA | B24: 706.8338 | C24: 719.81118 | D24: 705.23077 | E24: 738.21292 | F24: 742.63592 | G24: 649.99222 | H24: 731.3221 | I24: 715.44553 | J24: 759.12421 | K24: 746.61136 | L24: 685.74636 | M24: 740.204 | N24: 8641.1704
A25: HPCL-VISAKH,ANDHRA PRADESH | B25: 755.98789 | C25: 833.89246 | D25: 771.60992 | E25: 853.30746 | F25: 829.46067 | G25: 821.418 | H25: 859.57428 | I25: 643.34081 | J25: 809.01801 | K25: 824.59677 | L25: 782.40939 | M25: 850.39499 | N25: 9635.0106
A26: HMEL-GGSR, BATHINDA, PUNJAB | B26: 821.639 | C26: 0 | D26: 0 | E26: 151.189 | F26: 887.039 | G26: 1000.066 | H26: 1026.03 | I26: 1017.575 | J26: 1001.093 | K26: 1015.166 | L26: 945.514 | M26: 964.884 | N26: 8830.195
A27: HPCL-TOTAL | B27: 2284.4607 | C27: 1553.7036 | D27: 1476.8407 | E27: 1742.7094 | F27: 2459.1356 | G27: 2471.4762 | H27: 2616.9264 | I27: 2376.3613 | J27: 2569.2352 | K27: 2586.3741 | L27: 2413.6698 | M27: 2555.483 | N27: 27106.376
A29: Bharat Petroleum Corporation Ltd. (BPCL)
A30: BPCL-MUMBAI, MAHARASHTRA | B30: 956.47831 | C30: 1017.8674 | D30: 1110.3992 | E30: 1210.0529 | F30: 1231.3647 | G30: 1163.6435 | H30: 995.89813 | I30: 1274.2641 | J30: 1316.9176 | K30: 1312.6891 | L30: 1196.5151 | M30: 1267.966 | N30: 14054.056
A31: BPCL-KOCHI, KERALA | B31: 1014.4122 | C31: 1105.9382 | D31: 1132.9537 | E31: 1189.8546 | F31: 897.04294 | G31: 1195.6067 | H31: 1200.0554 | I31: 1217.365 | J31: 1210.9879 | K31: 1365.0945 | L31: 1169.0637 | M31: 1396.223 | N31: 14094.598
A32: NRL-NUMALIGARH, ASSAM | B32: 230.89746 | C32: 239.57671 | D32: 234.0368 | E32: 238.99358 | F32: 233.25262 | G32: 232.8812 | H32: 241.37247 | I32: 242.5741 | J32: 241.549 | K32: 250.70312 | L32: 206.25208 | M32: 217.33707 | N32: 2809.4262
A33: BORL-BINA | B33: 550.80274 | C33: 635.48851 | D33: 586.90565 | E33: 611.27926 | F33: 620.35324 | G33: 620.73089 | H33: 585.25664 | I33: 203.04976 | J33: 623.95202 | K33: 600.19707 | L33: 500.72689 | M33: 569.16104 | N33: 6707.9037
A34: BPCL-TOTAL | B34: 2752.5907 | C34: 2998.8709 | D34: 3064.2953 | E34: 3250.1803 | F34: 2982.0135 | G34: 3212.8623 | H34: 3022.5827 | I34: 2937.253 | J34: 3393.4065 | K34: 3528.6838 | L34: 3072.5578 | M34: 3450.6871 | N34: 37665.984
A36: Chennai Petroleum Corporation Ltd. (CPCL)
A37: CPCL-MANALI, TAMILNADU | B37: 684.76777 | C37: 862.54722 | D37: 915.27702 | E37: 931.91082 | F37: 910.57042 | G37: 691.12312 | H37: 921.07175 | I37: 800.32796 | J37: 895.36168 | K37: 917.27207 | L37: 825.69084 | M37: 932.91048 | N37: 10288.831
A38: CPCL-NARIMANAM,TAMILNADU | B38: 36.144 | C38: 41.588 | D38: 48.607 | E38: 42.221 | F38: 34.185 | G38: 33.384 | H38: 43.14 | I38: 33.849 | J38: 50.071 | K38: 52.95 | L38: 34.975 | M38: 49.063 | N38: 500.177
A39: CPCL-TOTAL | B39: 720.91177 | C39: 904.13522 | D39: 963.88402 | E39: 974.13182 | F39: 944.75542 | G39: 724.50712 | H39: 964.21175 | I39: 834.17696 | J39: 945.43268 | K39: 970.22207 | L39: 860.66584 | M39: 981.97348 | N39: 10789.008
A41: Oil & Natural Gas Corporation Ltd. (ONGC)
A42: ONGC-TATIPAKA,ANDHRA PRADESH | B42: 5.864195 | C42: 7.210043 | D42: 7.58467 | E42: 5.547675 | F42: 4.929259 | G42: 7.440849 | H42: 7.134432 | I42: 7.142892 | J42: 7.2697899 | K42: 6.739958 | L42: 6.219578 | M42: 6.498314 | N42: 79.581655
A43: MRPL-MANGALORE,KARNATAKA | B43: 1242.745 | C43: 1365.164 | D43: 1419.243 | E43: 1403.876 | F43: 1017.265 | G43: 1069.909 | H43: 1503.672 | I43: 1412.428 | J43: 1517.435 | K43: 1475.355 | L43: 1233.224 | M43: 1469.449 | N43: 16129.765
A44: ONGC TOTAL | B44: 1248.6092 | C44: 1372.374 | D44: 1426.8277 | E44: 1409.4237 | F44: 1022.1943 | G44: 1077.3498 | H44: 1510.8064 | I44: 1419.5709 | J44: 1524.7048 | K44: 1482.095 | L44: 1239.4436 | M44: 1475.9473 | N44: 16209.347
A46: Reliance Industries Ltd. (RIL)
A47: RIL,JAMNAGAR,GUJARAT | B47: 2665.3057 | C47: 2741.8249 | D47: 2622.915 | E47: 2790.3668 | F47: 2806.0721 | G47: 2796.9508 | H47: 2891.6541 | I47: 2745.4957 | J47: 2661.3582 | K47: 2929.073 | L47: 2653.9165 | M47: 2847.8172 | N47: 33152.75
A48: RIL-(SEZ), JAMNAGAR,GUJARAT | B48: 3134.839 | C48: 3221.316 | D48: 3100.852 | E48: 3244.159 | F48: 3161.574 | G48: 3193.118 | H48: 3282.689 | I48: 3078.164 | J48: 3280.312 | K48: 3294.159 | L48: 2899.407 | M48: 2426.706 | N48: 37317.295
A49: RIL TOTAL | B49: 5800.1447 | C49: 5963.1409 | D49: 5723.767 | E49: 6034.5258 | F49: 5967.6461 | G49: 5990.0688 | H49: 6174.3431 | I49: 5823.6597 | J49: 5941.6702 | K49: 6223.232 | L49: 5553.3235 | M49: 5274.5232 | N49: 70470.045
A51: NAYARA ENERGY LTD. VADINAR, GUJARAT, (Formerly ESSAR OIL LTD.) | B51: 1687.5114 | C51: 1775.0536 | D51: 1663.6726 | E51: 1770.8053 | F51: 1778.9933 | G51: 1686.273 | H51: 1703.8282 | I51: 1708.0846 | J51: 1768.789 | K51: 1770.2667 | L51: 1594.3081 | M51: 1785.2937 | N51: 20692.88
A53: GRAND TOTAL | B53: 20026.539 | C53: 20826.367 | D53: 20048.725 | E53: 20559.596 | F53: 20447.807 | G53: 20587.825 | H53: 22107.989 | I53: 21229.871 | J53: 22129.132 | K53: 22769.792 | L53: 20080.458 | M53: 21120.719 | N53: 251934.82
A54: Note :
A55: Source : Oil Companies.

Sheet Monthwise 2016-17 
C2: Petroleum Planning & Analysis Cell
A7: 2016-17 | I7: ('000 Metric Tonnes)
A8: Crude Oil Processed by Refineries
A9: OIL COMPANIES | B9: APR | C9: MAY | D9: JUN | E9: JULY | F9: AUG | G9: SEP | H9: OCT | I9: NOV | J9: DEC | K9: JAN | L9: FEB | M9: MAR | N9: TOTAL
A10: Indian Oil Corporation Ltd.(IOCL)
A11: IOCL-KOYALI, GUJARAT | B11: 1214.962 | C11: 1240.312 | D11: 1233.471 | E11: 1273.444 | F11: 1228.656 | G11: 1084.316 | H11: 1134.242 | I11: 1185.01 | J11: 1129.923 | K11: 1007.133 | L11: 1028.207 | M11: 1234.716 | N11: =SUM(B11:M11) -> 13994.392
A12: IOCL-MATHURA, UTTAR PRADESH | B12: 797.483 | C12: 813.746 | D12: 796.809 | E12: 754.922 | F12: 701.061 | G12: 748.541 | H12: 804.47 | I12: 714.072 | J12: 761.365 | K12: 786.215 | L12: 721.468 | M12: 829.847 | N12: =SUM(B12:M12) -> 9229.999
A13: IOCL-PANIPAT, HARYANA | B13: 1316.006 | C13: 1386.002 | D13: 1356.604 | E13: 1400.083 | F13: 1048.492 | G13: 1233.884 | H13: 1301.799 | I13: 1294.066 | J13: 1328.77 | K13: 1330.366 | L13: 1247.567 | M13: 1394.396 | N13: =SUM(B13:M13) -> 15638.035
A14: IOCL-HALDIA, WEST BENGAL | B14: 692.329 | C14: 713.191 | D14: 681.656 | E14: 659.372 | F14: 630.331 | G14: 665.081 | H14: 678.899 | I14: 544.002 | J14: 534.156 | K14: 550.093 | L14: 624.213 | M14: 715.974 | N14: =SUM(B14:M14) -> 7689.297
A15: IOCL-BARAUNI,BIHAR | B15: 559.264 | C15: 576.665 | D15: 547.059 | E15: 576.496 | F15: 570.971 | G15: 512.54 | H15: 481.318 | I15: 523.376 | J15: 579.355 | K15: 554.047 | L15: 487.235 | M15: 557.719 | N15: =SUM(B15:M15) -> 6526.045
A16: IOCL-GUWAHATI,ASSAM | B16: 75.424 | C16: 72.838 | D16: 67.746 | E16: 85.65 | F16: 66.32 | G16: 68.189 | H16: 72.223 | I16: 72.169 | J16: 71.244 | K16: 65.413 | L16: 67.884 | M16: 78.48101 | N16: =SUM(B16:M16) -> 863.58101
A17: IOCL-DIGBOI,ASSAM | B17: 51.753 | C17: 45.866 | D17: 43.155 | E17: 23.701 | F17: 40.318 | G17: 46.023 | H17: 50.998 | I17: 46.562 | J17: 45.141 | K17: 44.508 | L17: 42.016 | M17: 53.406 | N17: =SUM(B17:M17) -> 533.447
A18: IOCL-BONGAIGAON,ASSAM | B18: 211.582 | C18: 214.646 | D18: 199.569 | E18: 214.852 | F18: 202.454 | G18: 192.799 | H18: 212.071 | I18: 212.765 | J18: 219.568 | K18: 206.369 | L18: 188.788 | M18: 210.328 | N18: =SUM(B18:M18) -> 2485.791
A19: IOCL-PARADIP,ODISHA | B19: 394.268 | C19: 538.27 | D19: 256.932 | E19: 697.353 | F19: 464.844 | G19: 444.836 | H19: 806.829 | I19: 553.805 | J19: 1012.699 | K19: 926.1 | L19: 929.088 | M19: 1204.907 | N19: =SUM(B19:M19) -> 8229.931
A20: IOCL TOTAL | B20: 5313.071 | C20: 5601.536 | D20: 5183.001 | E20: 5685.873 | F20: 4953.447 | G20: 4996.209 | H20: 5542.849 | I20: 5145.827 | J20: 5682.221 | K20: 5470.244 | L20: 5336.466 | M20: 6279.774 | N20: 65190.518
A22: Hindustan Petroleum Corporation Ltd. (HPCL)
A23: HPCL-MUMBAI,MAHARASHTRA | B23: 713.90663 | C23: 723.54782 | D23: 624.9572 | E23: 689.34517 | F23: 736.63369 | G23: 630.68016 | H23: 720.12413 | I23: 715.36977 | J23: 758.2234 | K23: 753.53106 | L23: 683.97415 | M23: 760.02572 | N23: =SUM(B23:M23) -> 8510.3189
A24: HPCL-VISAKH,ANDHRA PRADESH | B24: 801.10357 | C24: 809.88436 | D24: 802.78587 | E24: 732.8542 | F24: 505.99347 | G24: 744.98375 | H24: 787.2282 | I24: 821.99342 | J24: 858.95366 | K24: 815.01357 | L24: 770.34091 | M24: 852.73759 | N24: =SUM(B24:M24) -> 9303.8726
A25: HMEL-GGSR, BATHINDA, PUNJAB | B25: 920.189 | C25: 945.17 | D25: 878.315 | E25: 908.601 | F25: 934.066 | G25: 915.424 | H25: 816.492 | I25: 754.458 | J25: 947.253 | K25: 937.174 | L25: 835.238 | M25: 729.077 | N25: =SUM(B25:M25) -> 10521.457
A26: HPCL-TOTAL | B26: 2435.1992 | C26: 2478.6022 | D26: 2306.0581 | E26: 2330.8004 | F26: 2176.6932 | G26: 2291.0879 | H26: 2323.8443 | I26: 2291.8212 | J26: 2564.4301 | K26: 2505.7186 | L26: 2289.5531 | M26: 2341.8403 | N26: 28335.648
A28: Bharat Petroleum Corporation Ltd. (BPCL)
A29: BPCL-MUMBAI, MAHARASHTRA | B29: 1145.5228 | C29: 1169.3468 | D29: 1163.1814 | E29: 1210.379 | F29: 1212.476 | G29: 1167.1755 | H29: 1244.6694 | I29: 1221.3567 | J29: 1262.5401 | K29: 1137.954 | L29: 921.00712 | M29: 685.50052 | N29: =SUM(B29:M29) -> 13541.11
A30: BPCL-KOCHI, KERALA | B30: 895.31577 | C30: 932.50619 | D30: 896.53531 | E30: 922.78592 | F30: 937.88292 | G30: 924.46897 | H30: 975.46243 | I30: 1012.1863 | J30: 1045.1871 | K30: 1059.2071 | L30: 1101.2082 | M30: 1117.4619 | N30: =SUM(B30:M30) -> 11820.208
A31: NRL-NUMALIGARH, ASSAM | B31: 216.52916 | C31: 238.34042 | D31: 232.81248 | E31: 236.90138 | F31: 239.04126 | G31: 79.930762 | H31: 197.12128 | I31: 262.88142 | J31: 257.0065 | K31: 282.93389 | L31: 210.12054 | M31: 229.50745 | N31: =SUM(B31:M31) -> 2683.1265
A32: BORL-BINA | B32: 533.5 | C32: 616.515 | D32: 532.2827 | E32: 501.8497 | F32: 587.59999 | G32: 501.46326 | H32: 610.125 | I32: 170.78112 | J32: 623.73291 | K32: 582.80436 | L32: 480.66161 | M32: 618.66623 | N32: =SUM(B32:M32) -> 6359.9819
A33: BPCL-TOTAL | B33: 2790.8678 | C33: 2956.7084 | D33: 2824.8119 | E33: 2871.916 | F33: 2977.0002 | G33: 2673.0385 | H33: 3027.3782 | I33: 2667.2056 | J33: 3188.4666 | K33: 3062.8994 | L33: 2712.9975 | M33: 2651.1361 | N33: 34404.426
A35: Chennai Petroleum Corporation Ltd. (CPCL)
A36: CPCL-MANALI, TAMILNADU | B36: 821.04734 | C36: 806.5096 | D36: 877.87751 | E36: 951.21012 | F36: 956.7465 | G36: 884.89121 | H36: 938.51398 | I36: 833.46892 | J36: 705.72835 | K36: 824.40263 | L36: 444.57487 | M36: 716.39857 | N36: =SUM(B36:M36) -> 9761.3696
A37: CPCL-NARIMANAM,TAMILNADU | B37: 55.691 | C37: 49.61 | D37: 33.487 | E37: 48.349 | F37: 45.986 | G37: 42.366 | H37: 46.384 | I37: 38.295 | J37: 40.797 | K37: 41.407 | L37: 37.432 | M37: 50.984 | N37: =SUM(B37:M37) -> 530.788
A38: CPCL-TOTAL | B38: 876.73834 | C38: 856.1196 | D38: 911.36451 | E38: 999.55912 | F38: 1002.7325 | G38: 927.25721 | H38: 984.89798 | I38: 871.76392 | J38: 746.52535 | K38: 865.80963 | L38: 482.00687 | M38: 767.38257 | N38: 10292.158
A40: Oil & Natural Gas Corporation Ltd. (ONGC)
A41: ONGC-TATIPAKA,ANDHRA PRADESH | B41: 6.80526 | C41: 6.40042 | D41: 7.75921 | E41: 6.9251 | F41: 6.39962 | G41: 7.47935 | H41: 7.18137 | I41: 7.08765 | J41: 7.19422 | K41: 7.70252 | L41: 6.96947 | M41: 7.450156 | N41: =SUM(B41:M41) -> 85.354346
A42: MRPL-MANGALORE,KARNATAKA | B42: 1165.9093 | C42: 1232.4451 | D42: 1273.916 | E42: 1331.9547 | F42: 1376.0068 | G42: 1302.305 | H42: 1368.8853 | I42: 1399.54 | J42: 1476.6404 | K42: 1369.0643 | L42: 1222.965 | M42: 1445.663 | N42: =SUM(B42:M42) -> 15965.295
A43: ONGC TOTAL | B43: 1172.7146 | C43: 1238.8455 | D43: 1281.6752 | E43: 1338.8798 | F43: 1382.4064 | G43: 1309.7843 | H43: 1376.0666 | I43: 1406.6276 | J43: 1483.8346 | K43: 1376.7669 | L43: 1229.9344 | M43: 1453.1132 | N43: 16050.649
A45: Reliance Industries Ltd. (RIL)
A46: RIL,JAMNAGAR,GUJARAT | B46: 2731.9503 | C46: 2856.3269 | D46: 2726.5046 | E46: 2814.0233 | F46: 2778.7439 | G46: 2657.7128 | H46: 2756.6563 | I46: 2654.8148 | J46: 2782.1878 | K46: 2774.6053 | L46: 2504.8385 | M46: 2784.786 | N46: =SUM(B46:M46) -> 32823.151
A47: RIL-(SEZ), JAMNAGAR,GUJARAT | B47: 3114.526 | C47: 2182.508 | D47: 3215.248 | E47: 3424.507 | F47: 3223.823 | G47: 3123.639 | H47: 3223.7 | I47: 3162.153 | J47: 3212.801 | K47: 3280.459 | L47: 2907.598 | M47: 3279.758 | N47: =SUM(B47:M47) -> 37350.72
A48: RIL TOTAL | B48: 5846.4763 | C48: 5038.8349 | D48: 5941.7526 | E48: 6238.5303 | F48: 6002.5669 | G48: 5781.3518 | H48: 5980.3563 | I48: 5816.9678 | J48: 5994.9888 | K48: 6055.0643 | L48: 5412.4365 | M48: 6064.544 | N48: 70173.871
A50: ESSAR OIL LTD.,VADINAR,GUJARAT | B50: 1718.8478 | C50: 1778.564 | D50: 1720.0516 | E50: 1760.2635 | F50: 1780.9333 | G50: 1750.8743 | H50: 1777.1702 | I50: 1726.7241 | J50: 1777.0531 | K50: 1772.1848 | L50: 1595.3577 | M50: 1760.8076 | N50: =SUM(B50:M50) -> 20918.832
A52: GRAND TOTAL | B52: 20153.915 | C52: 19949.211 | D52: 20168.715 | E52: 21225.822 | F52: 20275.78 | G52: 19729.603 | H52: 21012.563 | I52: 19926.937 | J52: 21437.52 | K52: 21108.688 | L52: 19058.752 | M52: 21318.598 | N52: 245366.1
A53: Note :
A54: Source : Oil Companies.

Sheet Monthwise 2015-16
C1: Petroleum Planning & Analysis Cell
A6: 2015-16 (Apr - March) | I6: ('000 Metric Tonnes)
A7: Crude Oil Processed by Refineries
A8: OIL COMPANIES | B8: APR | C8: MAY | D8: JUN | E8: JULY | F8: AUG | G8: SEPT | H8: OCT | I8: NOV | J8: DEC | K8: JAN | L8: FEB | M8: MAR | N8: TOTAL
A9: Indian Oil Corporation Ltd.(IOCL)
A10: IOCL-KOYALI, GUJARAT | B10: 603.785 | C10: 1204.387 | D10: 1176.205 | E10: 1256.234 | F10: 1190.817 | G10: 1065.664 | H10: 1264.207 | I10: 1218.065 | J10: 1205.53 | K10: 1188.978 | L10: 1177.495 | M10: 1268.547 | N10: 13819.914
A11: IOCL-MATHURA, UTTAR PRADESH | B11: 675.394 | C11: 699.131 | D11: 732.791 | E11: 757.257 | F11: 703.472 | G11: 695.8 | H11: 775.503 | I11: 735.969 | J11: 759.98 | K11: 770.797 | L11: 739.98 | M11: 814.207 | N11: 8860.281
A12: IOCL-PANIPAT, HARYANA | B12: 1293.081 | C12: 1366.43 | D12: 1212.379 | E12: 1191.24 | F12: 1086.831 | G12: 1268.988 | H12: 1264.462 | I12: 1300.586 | J12: 1298.524 | K12: 1357.204 | L12: 1296.625 | M12: 1346.018 | N12: 15282.368
A13: IOCL-HALDIA, WEST BENGAL | B13: 647.111 | C13: 662.709 | D13: 667.002 | E13: 663.362 | F13: 667.202 | G13: 491.446 | H13: 534.321 | I13: 696.871 | J13: 726.618 | K13: 722.924 | L13: 640.623 | M13: 656.282 | N13: 7776.471
A14: IOCL-BARAUNI,BIHAR | B14: 474.419 | C14: 527.142 | D14: 541.215 | E14: 533.943 | F14: 565.999 | G14: 526.941 | H14: 559.226 | I14: 578.696 | J14: 602.386 | K14: 561.59 | L14: 506.437 | M14: 566.759 | N14: 6544.753
A15: IOCL-GUWAHATI,ASSAM | B15: 93.522 | C15: 95.257 | D15: 93.288 | E15: 84.597 | F15: 78.504 | G15: 71.93 | H15: 76.726 | I15: 72.355 | J15: 74.637 | K15: 40.265 | L15: 37.799 | M15: 84.643 | N15: 903.523
A16: IOCL-DIGBOI,ASSAM | B16: 29.174 | C16: 55.185 | D16: 51.361 | E16: 49.06 | F16: 53.402 | G16: 44.598 | H16: 48.387 | I16: 42.595 | J16: 42.035 | K16: 43.004 | L16: 44.029 | M16: 59.003 | N16: 561.833
A17: IOCL-BONGAIGAON,ASSAM | B17: 235.884 | C17: 230.727 | D17: 200.486 | E17: 213.414 | F17: 212.166 | G17: 209.637 | H17: 182.795 | I17: 154.282 | J17: 208.194 | K17: 200.447 | L17: 191.727 | M17: 201.905 | N17: 2441.664
A18: IOCL-PARADIP,ODISHA* | K18: 809.9 | L18: 503.16992 | M18: 503.60331 | N18: 1816.6732
A19: IOCL TOTAL | B19: 4052.37 | C19: 4840.968 | D19: 4674.727 | E19: 4749.107 | F19: 4558.393 | G19: 4375.004 | H19: 4705.627 | I19: 4799.419 | J19: 4917.904 | K19: 5695.109 | L19: 5137.8849 | M19: 5500.9673 | N19: 58007.48
A21: Hindustan Petroleum Corporation Ltd.(HPCL)
A22: HPCL-MUMBAI,MAHARASHTRA | B22: 551.32292 | C22: 420.0351 | D22: 653.72834 | E22: 689.86859 | F22: 693.2098 | G22: 696.69751 | H22: 697.42099 | I22: 673.86252 | J22: 718.50373 | K22: 748.72438 | L22: 695.90377 | M22: 775.86758 | N22: 8015.1452
A23: HPCL-VISAKH,ANDHRA PRADESH | B23: 738.82998 | C23: 807.38591 | D23: 588.39213 | E23: 466.22629 | F23: 858.16215 | G23: 802.48524 | H23: 826.21097 | I23: 807.36041 | J23: 846.17354 | K23: 856.69868 | L23: 782.71132 | M23: 839.80669 | N23: 9220.4433
A24: HMEL-GGSR, BATHINDA, PUNJAB | B24: 895.894 | C24: 925.129 | D24: 897.02 | E24: 922.12 | F24: 937.358 | G24: 906.949 | H24: 931.738 | I24: 908.137 | J24: 934.906 | K24: 817.898 | L24: 699.596 | M24: 936.56 | N24: 10713.305
A25: HPCL-TOTAL | B25: 2186.0469 | C25: 2152.55 | D25: 2139.1405 | E25: 2078.2149 | F25: 2488.73 | G25: 2406.1317 | H25: 2455.37 | I25: 2389.3599 | J25: 2499.5833 | K25: 2423.3211 | L25: 2178.2111 | M25: 2552.2343 | N25: 27948.894
A27: Bharat Petroleum Corporation Ltd (BPCL)
A28: BPCL-MUMBAI, MAHARASHTRA | B28: 1136.5144 | C28: 1163.6919 | D28: 1056.4176 | E28: 1099.2419 | F28: 1094.92 | G28: 997.23949 | H28: 1126.3314 | I28: 1116.467 | J28: 1149.7992 | K28: 1137.1294 | L28: 1119.3003 | M28: 1174.2067 | N28: 13371.259
A29: BPCL-KOCHI, KERALA | B29: 893.8769 | C29: 928.14795 | D29: 902.92013 | E29: 928.29706 | F29: 938.09109 | G29: 901.46636 | H29: 655.6165 | I29: 907.06074 | J29: 935.22246 | K29: 924.76551 | L29: 872.64005 | M29: 923.44338 | N29: 10711.548
A30: NRL-NUMALIGARH, ASSAM | B30: 1.4614876 | C30: 150.79346 | D30: 260.81716 | E30: 252.5576 | F30: 252.93427 | G30: 247.76793 | H30: 232.95095 | I30: 218.68425 | J30: 229.20985 | K30: 233.93367 | L30: 203.01415 | M30: 236.14367 | N30: 2520.2685
A31: BORL-BINA | B31: 1.514 | C31: 571.135 | D31: 601.08364 | E31: 631.07491 | F31: 620.19309 | G31: 619.68626 | H31: 612.91223 | I31: 501.00421 | J31: 501.648 | K31: 601.41175 | L31: 502.20344 | M31: 638.33847 | N31: 6402.205
A32: BPCL-TOTAL | B32: 2033.3668 | C32: 2813.7684 | D32: 2821.2386 | E32: 2911.1714 | F32: 2906.1384 | G32: 2766.16 | H32: 2627.811 | I32: 2743.2162 | J32: 2815.8796 | K32: 2897.2403 | L32: 2697.158 | M32: 2972.1322 | N32: 33005.281
A34: Chennai Petroleum Corporation Ltd (CPCL)
A35: CPCL-MANALI, TAMILNADU | B35: 901.23535 | C35: 906.98019 | D35: 904.35057 | E35: 715.83487 | F35: 508.39186 | G35: 690.77989 | H35: 618.13615 | I35: 698.95891 | J35: 508.01957 | K35: 878.15607 | L35: 867.4022 | M35: 900.90511 | N35: 9099.1507
A36: CPCL-NARIMANAM,TAMILNADU | B36: 39.079 | C36: 43.315 | D36: 48.103 | E36: 49.095 | F36: 48.287 | G36: 46.205 | H36: 40.862 | I36: 41.141 | J36: 19.522 | K36: 55.588 | L36: 54.617 | M36: 57.745 | N36: 543.559
A37: CPCL-TOTAL | B37: 940.31435 | C37: 950.29519 | D37: 952.45357 | E37: 764.92987 | F37: 556.67886 | G37: 736.98489 | H37: 658.99815 | I37: 740.09991 | J37: 527.54157 | K37: 933.74407 | L37: 922.0192 | M37: 958.65011 | N37: =SUM(B37:M37) -> 9642.7097
A39: Oil & Natural Gas Corporation Ltd.(ONGC)
A40: ONGC-TATIPAKA,ANDHRA PRADESH | B40: 3.999287 | C40: 4.20924 | D40: 5.49692 | E40: 5.28065 | F40: 2.5584 | G40: 5.25577 | H40: 4.97692 | I40: 6.8386 | J40: 7.08466 | K40: 6.77172 | L40: 7.19311 | M40: 7.70625 | N40: 67.371527
A41: MRPL-MANGALORE,KARNATAKA | B41: 1111.415 | C41: 1336.096 | D41: 1463.305 | E41: 1106.756 | F41: 1349.041 | G41: 976.104 | H41: 972.138 | I41: 1276.17 | J41: 1523.236 | K41: 1557.272 | L41: 1325.628 | M41: 1534.83 | N41: 15531.991
A42: ONGC TOTAL | B42: 1115.4143 | C42: 1340.3052 | D42: 1468.8019 | E42: 1112.0366 | F42: 1351.5994 | G42: 981.35977 | H42: 977.11492 | I42: 1283.0086 | J42: 1530.3207 | K42: 1564.0437 | L42: 1332.8211 | M42: 1542.5362 | N42: =SUM(B42:M42) -> 15599.363
A44: Reliance Industries Ltd. (RIL)
A45: RIL,JAMNAGAR,GUJARAT | B45: 2023.8603 | C45: 2740.2062 | D45: 2713.895 | E45: 2815.9814 | F45: 2787.6939 | G45: 2731.0574 | H45: 2815.1228 | I45: 2734.8301 | J45: 2831.4534 | K45: 2840.7771 | L45: 2578.0395 | M45: 2815.4664 | N45: 32428.384
A46: RIL-(SEZ), JAMNAGAR,GUJARAT | B46: 3020.156 | C46: 3104.019 | D46: 3023.283 | E46: 2490.205 | F46: 3211.048 | G46: 3098.259 | H46: 3254.736 | I46: 3143.39 | J46: 3249.339 | K46: 3280.618 | L46: 2988.174 | M46: 3269.405 | N46: 37132.632
A47: RIL TOTAL | B47: 5044.0163 | C47: 5844.2252 | D47: 5737.178 | E47: 5306.1864 | F47: 5998.7419 | G47: 5829.3164 | H47: 6069.8588 | I47: 5878.2201 | J47: 6080.7924 | K47: 6121.3951 | L47: 5566.2135 | M47: 6084.8714 | N47: =SUM(B47:M47) -> 69561.016
A49: ESSAR OIL LTD.,VADINAR,GUJARAT | B49: 1718.5 | C49: 1763.6 | D49: 1689.8 | E49: 1755.3 | F49: 1758.9 | G49: 953.9 | H49: 763.7 | I49: 1693.8 | J49: 1780.5 | K49: 1781.5 | L49: 1670 | M49: 1771.57 | N49: 19101.07
A51: GRAND TOTAL | B51: 17090.029 | C51: 19705.712 | D51: 19483.34 | E51: 18676.946 | F51: 19619.182 | G51: 18048.857 | H51: 18258.48 | I51: 19527.124 | J51: 20152.521 | K51: 21416.353 | L51: 19504.308 | M51: 21382.961 | N51: 232865.81
A52: Note :
A53: Source : Oil Companies. *"April 2015- January 2016" production data of Paradip Refinery incorporated in the January 2016.

Sheet Monthwise 2014-15
C1: Petroleum Planning & Analysis Cell
A7: 2014-15 (अप्रेल-मार्च)
A8: ('000 Metric Tonnes)
A9: Crude Oil Processed by Refineries
A10: OIL COMPANIES | B10: APR | C10: MAY | D10: JUN | E10: JULY | F10: AUG | G10: SEPT | H10: OCT | I10: NOV | J10: DEC | K10: JAN | L10: FEB | M10: MAR | N10: TOTAL
A11: Indian Oil Corporation Ltd.(IOCL)
A12: IOCL-KOYALI, GUJARAT | B12: 1126.37 | C12: 1161.868 | D12: 1026.43 | E12: 1168.273 | F12: 1111.829 | G12: 1028.993 | H12: 1162.115 | I12: 1121.748 | J12: 1175.274 | K12: 1164.285 | L12: 1037.22 | M12: 1001.031 | N12: =SUM(B12:M12) -> 13285.436
A13: IOCL-MATHURA, UTTAR PRADESH | B13: 741.177 | C13: 756.697 | D13: 691.154 | E13: 753.785 | F13: 663.383 | G13: 638.574 | H13: 683.705 | I13: 686.946 | J13: 725.434 | K13: 688.871 | L13: 648.208 | M13: 837.498 | N13: =SUM(B13:M13) -> 8515.432
A14: IOCL-PANIPAT, HARYANA | B14: 1225.696 | C14: 840.822 | D14: 773.829 | E14: 1213.884 | F14: 1314.783 | G14: 1162.554 | H14: 1320.69 | I14: 1279.426 | J14: 1346.818 | K14: 1270.109 | L14: 1108.893 | M14: 1333.499 | N14: =SUM(B14:M14) -> 14191.003
A15: IOCL-HALDIA, WEST BENGAL | B15: 632.284 | C15: 653.897 | D15: 666.018 | E15: 618.798 | F15: 649.983 | G15: 622.133 | H15: 613.597 | I15: 669.427 | J15: 667.49 | K15: 594.211 | L15: 600.282 | M15: 662.121 | N15: =SUM(B15:M15) -> 7650.241
A16: IOCL-BARAUNI,BIHAR | B16: 531.596 | C16: 570.549 | D16: 549.106 | E16: 568.595 | F16: 511.922 | G16: 390.535 | H16: 531.147 | I16: 404.104 | J16: 346.526 | K16: 546.765 | L16: 457.605 | M16: 535.474 | N16: =SUM(B16:M16) -> 5943.924
A17: IOCL-GUWAHATI,ASSAM | B17: 85.539 | C17: 79.47 | D17: 79.427 | E17: 90.666 | F17: 80.145 | G17: 83.767 | H17: 84.528 | I17: 90.918 | J17: 84.398 | K17: 80.955 | L17: 71.174 | M17: 94.807 | N17: =SUM(B17:M17) -> 1005.794
A18: IOCL-DIGBOI,ASSAM | B18: 38.509 | C18: 56.57 | D18: 54.468 | E18: 56.294 | F18: 46.227 | G18: 51.482 | H18: 52.447 | I18: 55.572 | J18: 54.2 | K18: 55.032 | L18: 46.292 | M18: 24.195 | N18: =SUM(B18:M18) -> 591.288
A19: IOCL-BONGAIGAON,ASSAM | B19: 183.983 | C19: 173.762 | D19: 166.748 | E19: 193.63 | F19: 193.913 | G19: 193.29 | H19: 210.799 | I19: 230.386 | J19: 210.478 | K19: 220.177 | L19: 199.86 | M19: 225.923 | N19: =SUM(B19:M19) -> 2402.949
A20: IOCL TOTAL | B20: =SUM(B12:B19) -> 4565.154 | C20: =SUM(C12:C19) -> 4293.635 | D20: 4007.18 | E20: 4663.925 | F20: 4572.185 | G20: 4171.328 | H20: 4659.028 | I20: 4538.527 | J20: 4610.618 | K20: 4620.405 | L20: 4169.534 | M20: 4714.548 | N20: =SUM(B20:M20) -> 53586.067
A22: Hindustan Petroleum Corporation Ltd.(HPCL)
A23: HPCL-MUMBAI,MAHARASHTRA | B23: 561.82051 | C23: 311.8835 | D23: 523.934 | E23: 687.003 | F23: 674.48 | G23: 676.127 | H23: 604.27432 | I23: 626.37 | J23: 709.15369 | K23: 693.01222 | L23: 635.32691 | M23: 708.62178 | N23: =SUM(B23:M23) -> 7412.0069
A24: HPCL-VISAKH,ANDHRA PRADESH | B24: 650.51221 | C24: 581.64818 | D24: 666.1 | E24: 802 | F24: 803.58521 | G24: 822.42619 | H24: 454.51786 | I24: 780.3 | J24: 789.1 | K24: 847.4 | L24: 726.44475 | M24: 842.6036 | N24: =SUM(B24:M24) -> 8766.638
A25: HMEL-GGSR, BATHINDA, PUNJAB | B25: 844.41584 | C25: 864.87874 | D25: 698 | E25: 53.861863 | F25: 0 | G25: 75.768 | H25: 866 | I25: 901.03649 | J25: 864.18282 | K25: 719.35029 | L25: 538.383 | M25: 917.755 | N25: =SUM(B25:M25) -> 7343.6321
A26: HPCL-TOTAL | B26: =SUM(B23:B25) -> 2056.7486 | C26: =SUM(C23:C25) -> 1758.4104 | D26: 1888.034 | E26: 1542.8649 | F26: 1478.0652 | G26: 1574.3212 | H26: 1924.7922 | I26: 2307.7065 | J26: 2362.4365 | K26: 2259.7625 | L26: 1900.1547 | M26: 2468.9804 | N26: =SUM(N23:N25) -> 23522.277
A28: Bharat Petroleum Corporation Ltd (BPCL)
A29: BPCL-MUMBAI, MAHARASHTRA | B29: 785.73076 | C29: 1026.2485 | D29: 1076.3849 | E29: 1079.6495 | F29: 1139.4142 | G29: 1056.794 | H29: 984.89731 | I29: 1151.0919 | J29: 1152.1752 | K29: 1155.2845 | L29: 1034.5022 | M29: 1178.6185 | N29: =SUM(B29:M29) -> 12820.792
A30: BPCL-KOCHI, KERALA | B30: 825.048 | C30: 728.074 | D30: 923.41816 | E30: 936.0582 | F30: 945.541 | G30: 912.65509 | H30: 907.36632 | I30: 838.13878 | J30: 667.28545 | K30: 921.74102 | L30: 838.61323 | M30: 911.79024 | N30: =SUM(B30:M30) -> 10355.729
A31: NRL-NUMALIGARH, ASSAM | B31: 210.48659 | C31: 259.39402 | D31: 254.676 | E31: 247.93267 | F31: 250.71503 | G31: 228.39793 | H31: 248.14658 | I31: 226.25671 | J31: 226.54064 | K31: 223.93958 | L31: 216.38166 | M31: 183.81304 | N31: =SUM(B31:M31) -> 2776.6805
A32: BORL-BINA | B32: 484.95671 | C32: 442.92139 | D32: 561.45642 | E32: 267.03456 | F32: 522.547 | G32: 570.49798 | H32: 611.53824 | I32: 595.24052 | J32: 588.08766 | K32: 577.58283 | L32: 465.26681 | M32: 521.4408 | N32: =SUM(B32:M32) -> 6208.5709
A33: BPCL-TOTAL | B33: 2306.2221 | C33: 2456.6379 | D33: 2815.9355 | E33: 2530.6749 | F33: 2858.2172 | G33: 2768.345 | H33: 2751.9484 | I33: 2810.7279 | J33: 2634.089 | K33: 2878.548 | L33: 2554.7639 | M33: 2795.6626 | N33: =SUM(B33:M33) -> 32161.772
A35: Chennai Petroleum Corporation Ltd (CPCL)
A36: CPCL-MANALI, TAMILNADU | B36: 838.46173 | C36: 938.60797 | D36: 878.7994 | E36: 779.9073 | F36: 829.09157 | G36: 818.91297 | H36: 806.45723 | I36: 849.9331 | J36: 913.53986 | K36: 903.54572 | L36: 798.89846 | M36: 891.1254 | N36: =SUM(B36:M36) -> 10247.281
A37: CPCL-NARIMANAM,TAMILNADU | B37: 72.277 | C37: 55.003 | D37: 33.273 | E37: 44.542 | F37: 42.73 | G37: 35.298 | H37: 40.569 | I37: 41.851 | J37: 43.105 | K37: 42.62 | L37: 38.257 | M37: 41.744 | N37: =SUM(B37:M37) -> 531.269
A38: CPCL-TOTAL | B38: 910.73873 | C38: 993.61097 | D38: 912.0724 | E38: 824.4493 | F38: 871.82157 | G38: 854.21097 | H38: 847.02623 | I38: 891.7841 | J38: 956.64486 | K38: 946.16572 | L38: 837.15546 | M38: 932.8694 | N38: =SUM(B38:M38) -> 10778.55
A40: Oil & Natural Gas Corporation Ltd.(ONGC)
A41: ONGC-TATIPAKA,ANDHRA PRADESH | B41: 4.43059 | C41: 2.847 | D41: 4.5897 | E41: 4.782 | F41: 5.26 | G41: 4.03878 | H41: 2.61162 | I41: 5.23993 | J41: 5.13222 | K41: 3.24762 | L41: 4.13548 | M41: 4.33676 | N41: =SUM(B41:M41) -> 50.6517
A42: MRPL-MANGALORE,KARNATAKA | B42: 1098.729 | C42: 1025.994 | D42: 1116.636 | E42: 1113 | F42: 1190.832 | G42: 1166.116 | H42: 1203.755 | I42: 1251.629 | J42: 1430.862 | K42: 1354.581 | L42: 1193.967 | M42: 1485.932 | N42: =SUM(B42:M42) -> 14632.033
A43: ONGC TOTAL | B43: 1103.1596 | C43: 1028.841 | D43: 1121.2257 | E43: 1117.782 | F43: 1196.092 | G43: 1170.1548 | H43: 1206.3666 | I43: 1256.8689 | J43: 1435.9942 | K43: 1357.8286 | L43: 1198.1025 | M43: 1490.2688 | N43: =SUM(B43:M43) -> 14682.685
A45: Reliance Industries Ltd. (RIL)
A46: RIL,JAMNAGAR,GUJARAT | B46: 1864.076 | C46: 2758.308 | D46: 2603 | E46: 2629.528 | F46: 2748.9416 | G46: 2681.273 | H46: 2791.821 | I46: 2703.614 | J46: 2801.007 | K46: 2802.117 | L46: 2498.974 | M46: 1984.735 | N46: =SUM(B46:M46) -> 30867.395
A47: RIL-(SEZ), JAMNAGAR,GUJARAT | B47: 3115 | C47: 3244 | D47: 3100 | E47: 3162 | F47: 3108.905 | G47: 3057.322 | H47: 3194.994 | I47: 3003.995 | J47: 3164.313 | K47: 3041.083 | L47: 2827.688 | M47: 3154.852 | N47: =SUM(B47:M47) -> 37174.152
A48: RIL TOTAL | B48: =SUM(B46:B47) -> 4979.076 | C48: =SUM(C46:C47) -> 6002.308 | D48: 5703 | E48: 5791 | F48: 5857.905 | G48: 5738.5945 | H48: 5986.8153 | I48: 5707.6086 | J48: 5965.3137 | K48: 5843.1995 | L48: 5326.6623 | M48: 5139.587 | N48: =SUM(N46:N47) -> 68041.547
A50: ESSAR OIL LTD.,VADINAR,GUJARAT | B50: 1694.1 | C50: 1739.7 | D50: 1707.1 | E50: 1657.9 | F50: 1701.3 | G50: 1680.9 | H50: 1736.1 | I50: 1694.6 | J50: 1758.9 | K50: 1768.4 | L50: 1598.3 | M50: 1753.8 | N50: =SUM(B50:M50) -> 20491.1
A52: GRAND TOTAL | B52: 17615.199 | C52: 18273.143 | D52: 18154.548 | E52: 18128.596 | F52: 18535.586 | G52: 17957.854 | H52: 19112.077 | I52: 19207.823 | J52: 19723.996 | K52: 19674.309 | L52: 17584.673 | M52: 19295.716 | N52: 223264
A53: Note :
A54: All figures are provisional. Source : Oil Companies.

Sheet Monthwise 2013-14
A1: Petroleum Planning & Analysis Cell
A3: 2013-14 (April-March) 26.05.16
A4: ('000 Metric Tonnes)
A5: Crude Oil Processed by Refineries
A6: OIL COMPANIES | B6: APR | C6: MAY | D6: JUN | E6: JULY | F6: AUG | G6: SEPT | H6: OCT | I6: NOV | J6: DEC | K6: JAN | L6: FEB | M6: MAR | N6: TOTAL
A7: Indian Oil Corporation Ltd.(IOCL)
A8: IOCL-KOYALI, GUJARAT | B8: 853.909 | C8: 1222.404 | D8: 1203.703 | E8: 843.62 | F8: 1035.387 | G8: 917.76 | H8: 1182.847 | I8: 1155.709 | J8: 1227.731 | K8: 1233.003 | L8: 910.029 | M8: 1173.975 | N8: =SUM(B8:M8) -> 12960.077
A9: IOCL-MATHURA, UTTAR PRADESH | B9: 696.918 | C9: 732.696 | D9: 666.264 | E9: 702.136 | F9: 626.096 | G9: 589.663 | H9: 0 | I9: 151.152 | J9: 589.728 | K9: 588.963 | L9: 520.18 | M9: 776.878 | N9: =SUM(B9:M9) -> 6640.674
A10: IOCL-PANIPAT, HARYANA | B10: 1126.774 | C10: 1388.811 | D10: 983.601 | E10: 1165.107 | F10: 1371.152 | G10: 1301.681 | H10: 1368.998 | I10: 1335.18 | J10: 1329.128 | K10: 1340.404 | L10: 1112.76 | M10: 1274.118 | N10: =SUM(B10:M10) -> 15097.714
A11: IOCL-HALDIA, WEST BENGAL | B11: 650.941 | C11: 676.238 | D11: 553.376 | E11: 708.516 | F11: 687.973 | G11: 691.575 | H11: 623.551 | I11: 637.198 | J11: 690.935 | K11: 670.06 | L11: 639.95 | M11: 721.789 | N11: =SUM(B11:M11) -> 7952.102
A12: IOCL-BARAUNI,BIHAR | B12: 464.056 | C12: 446.525 | D12: 552.071 | E12: 549.52 | F12: 563.034 | G12: 549.485 | H12: 572.424 | I12: 561.316 | J12: 581.648 | K12: 561.526 | L12: 497.1 | M12: 579.309 | N12: =SUM(B12:M12) -> 6478.014
A13: IOCL-GUWAHATI,ASSAM | B13: 83.755 | C13: 86.443 | D13: 89.062 | E13: 83.464 | F13: 77.188 | G13: 86.546 | H13: 94.622 | I13: 90.193 | J13: 90.963 | K13: 91.434 | L13: 80.649 | M13: 64.715 | N13: =SUM(B13:M13) -> 1019.034
A14: IOCL-DIGBOI,ASSAM | B14: 53.188 | C14: 45.356 | D14: 50.507 | E14: 59.73 | F14: 59.543 | G14: 57.939 | H14: 58.111 | I14: 55.798 | J14: 55.857 | K14: 56.465 | L14: 47.965 | M14: 50.773 | N14: =SUM(B14:M14) -> 651.232
A15: IOCL-BONGAIGAON,ASSAM | B15: 170.733 | C15: 211.677 | D15: 121.327 | E15: 232.578 | F15: 198.638 | G15: 185.27 | H15: 218.014 | I15: 205.206 | J15: 198.305 | K15: 192.528 | L15: 194.875 | M15: 198.363 | N15: =SUM(B15:M15) -> 2327.514
A16: IOCL TOTAL | B16: 4100.274 | C16: 4810.15 | D16: 4219.911 | E16: 4344.671 | F16: 4619.011 | G16: 4379.919 | H16: 4118.567 | I16: 4191.752 | J16: 4764.295 | K16: 4734.383 | L16: 4003.508 | M16: 4839.92 | N16: =SUM(B16:M16) -> 53126.361
A18: Hindustan Petroleum Corporation Ltd.(HPCL)
A19: HPCL-MUMBAI,MAHARASHTRA | B19: 590.55 | C19: 475.43 | D19: 667.824 | E19: 695.97993 | F19: 661.447 | G19: 674.074 | H19: 685.242 | I19: 636.965 | J19: 643.0924 | K19: 636.6167 | L19: 640.74 | M19: 729.1144 | N19: =SUM(B19:M19) -> 7737.0754
A20: HPCL-VISAKH,ANDHRA PRADESH | B20: 707.99547 | C20: 525.12609 | D20: 490.88794 | E20: 727.48397 | F20: 758.46665 | G20: 369.30427 | H20: 581.93116 | I20: 549.74319 | J20: 729.32266 | K20: 801.32512 | L20: 721.23244 | M20: 813.0912 | N20: =SUM(B20:M20) -> 7775.9102
A21: HMEL-GGSR, BATHINDA, PUNJAB | B21: 559.61 | C21: 838.791 | D21: 788.65897 | E21: 854.32 | F21: 663.1954 | G21: 732.96636 | H21: 721.52081 | I21: 890.221 | J21: 722.24716 | K21: 867.24314 | L21: 775.90725 | M21: 856.81997 | N21: =SUM(B21:M21) -> 9271.5011
A22: HPCL-TOTAL | B22: 1858.1555 | C22: 1839.3471 | D22: 1947.3709 | E22: 2277.7839 | F22: 2083.1091 | G22: 1776.3446 | H22: 1988.694 | I22: 2076.9292 | J22: 2094.6622 | K22: 2305.185 | L22: 2137.8797 | M22: 2399.0256 | N22: =SUM(N19:N21) -> 24784.487
A24: Bharat Petroleum Corporation Ltd (BPCL)
A25: BPCL-MUMBAI, MAHARASHTRA | B25: 705.618 | C25: 1123.558 | D25: 1113.679 | E25: 1096.2168 | F25: 1117.6056 | G25: 1038.005 | H25: 1181.6333 | I25: 1113.609 | J25: 1001.5377 | K25: 967.92671 | L25: 1066.3499 | M25: 1158.1321 | N25: =SUM(B25:M25) -> 12683.871
A26: BPCL-KOCHI, KERALA | B26: 891.08176 | C26: 908.02289 | D26: 880.27514 | E26: 903.78179 | F26: 910.04347 | G26: 877.07288 | H26: 922.17846 | I26: 695.60885 | J26: 595.39245 | K26: 935.80565 | L26: 836.77299 | M26: 929.31896 | N26: =SUM(B26:M26) -> 10285.355
A27: NRL-NUMALIGARH, ASSAM | B27: 222.311 | C27: 238.289 | D27: 0 | E27: 228.632 | F27: 261.907 | G27: 251.865 | H27: 252.069 | I27: 257.337 | J27: 261.187 | K27: 231.637 | L27: 224.304 | M27: 183.398 | N27: =SUM(B27:M27) -> 2612.936
A28: BORL-BINA | B28: 537.31249 | C28: 369.93178 | D28: 537.7586 | E28: 433.98539 | F28: 540.09136 | G28: 490.68833 | H28: 276.72535 | I28: 542.95892 | J28: 564.94603 | K28: 321.02627 | L28: 412.5412 | M28: 421.9468 | N28: =SUM(B28:M28) -> 5449.9125
A29: BPCL-TOTAL | B29: 2356.3233 | C29: 2639.8017 | D29: 2531.7127 | E29: 2662.616 | F29: 2829.6474 | G29: 2657.6312 | H29: 2632.6061 | I29: 2609.5138 | J29: 2423.0632 | K29: 2456.3956 | L29: 2539.9681 | M29: 2692.7958 | N29: =SUM(B29:M29) -> 31032.075
A31: Chennai Petroleum Corporation Ltd (CPCL)
A32: CPCL-MANALI, TAMILNADU | B32: 919.97712 | C32: 936.01055 | D32: 874.47188 | E32: 881.09566 | F32: 921.82641 | G32: 850.76174 | H32: 622.92027 | I32: 713.20319 | J32: 706.6521 | K32: 825.75835 | L32: 862.4506 | M32: 952.90966 | N32: =SUM(B32:M32) -> 10068.038
A33: CPCL-NARIMANAM,TAMILNADU | B33: 24.297 | C33: 33.462 | D33: 39.799 | E33: 36.551 | F33: 47.483 | G33: 45.023 | H33: 52.294 | I33: 52.06 | J33: 59.329 | K33: 59.223 | L33: 60.816 | M33: 48.615 | N33: =SUM(B33:M33) -> 558.952
A34: CPCL-TOTAL | B34: 944.27412 | C34: 969.47255 | D34: 914.27088 | E34: 917.64666 | F34: 969.30941 | G34: 895.78474 | H34: 675.21427 | I34: 765.26319 | J34: 765.9811 | K34: 884.98135 | L34: 923.2666 | M34: 1001.5247 | N34: =SUM(B34:M34) -> 10626.99
A36: Oil & Natural Gas Corporation Ltd.(ONGC)
A37: ONGC-TATIPAKA,ANDHRA PRADESH | B37: 4.90547 | C37: 5.19778 | D37: 4.273 | E37: 3.173 | F37: 4.66 | G37: 5.98835 | H37: 7.2548 | I37: 6.72282 | J37: 7.4475 | K37: 7.52101 | L37: 5.34549 | M37: 2.73701 | N37: =SUM(B37:M37) -> 65.22623
A38: MRPL-MANGALORE,KARNATAKA | B38: 1234.582 | C38: 967.539 | D38: 1121.897 | E38: 1172.713 | F38: 1164.877 | G38: 1327.769 | H38: 1308.265 | I38: 1080.836 | J38: 1367.323 | K38: 1222.605 | L38: 1203.564 | M38: 1416.553 | N38: =SUM(B38:M38) -> 14588.523
A39: ONGC TOTAL | B39: 1239.4875 | C39: 972.73678 | D39: 1126.17 | E39: 1175.886 | F39: 1169.537 | G39: 1333.7574 | H39: 1315.5201 | I39: 1087.5588 | J39: 1374.7705 | K39: 1230.126 | L39: 1208.9095 | M39: 1419.29 | N39: =SUM(B39:M39) -> 14653.75
A41: Reliance Industries Ltd. (RIL)
A42: RIL,JAMNAGAR,GUJARAT | B42: 2652.2305 | C42: 2478.9581 | D42: 2666.1607 | E42: 2777.6044 | F42: 2760.4565 | G42: 2639.3223 | H42: 2658.7942 | I42: 2597.7727 | J42: 2210.2239 | K42: 2191.5537 | L42: 2451.3162 | M42: 2220.4295 | N42: =SUM(B42:M42) -> 30304.823
A43: RIL-(SEZ), JAMNAGAR,GUJARAT | B43: 3112.62 | C43: 3151.14 | D43: 3050.11 | E43: 3231.38 | F43: 3207.29 | G43: 3044.94 | H43: 3206.24 | I43: 3081.46 | J43: 3215.38 | K43: 3235.88 | L43: 2925.21 | M43: 3260.21 | N43: =SUM(B43:M43) -> 37721.86
A44: RIL TOTAL | B44: =SUM(B42:B43) -> 5764.8505 | C44: =SUM(C42:C43) -> 5630.0981 | D44: =SUM(D42:D43) -> 5716.2707 | E44: =SUM(E42:E43) -> 6008.9844 | F44: =SUM(F42:F43) -> 5967.7465 | G44: =SUM(G42:G43) -> 5684.2623 | H44: =SUM(H42:H43) -> 5865.0342 | I44: =SUM(I42:I43) -> 5679.2327 | ... N44: =SUM(N42:N43) -> 68026.683
A46: ESSAR OIL LTD.,VADINAR,GUJARAT | B46: 1697.8 | C46: 1752.4 | D46: 1686.5 | E46: 1734.507 | F46: 1743.2 | G46: 1709.8 | H46: 1747.5 | I46: 1338.7 | J46: 1742.6 | K46: 1742.788 | L46: 1571.3 | M46: 1735.2408 | N46: =SUM(B46:M46) -> 20202.336
A48: GRAND TOTAL | B48: =+B16+B22+B29+B34+B39+B44+B46 -> 17961.165 | C48: =+C16+C22+C29+C34+C39+C44+C46 -> 18614.006 | D48: =+D16+D22+D29+D34+D39+D44+D46 -> 18142.206 | E48: =+E16+E22+E29+E34+E39+E44+E46 -> 19122.095 | F48: =+F16+F22+F29+F34+F39+F44+F46 -> 19381.56 | G48: =+G16+G22+G29+G34+G39+G44+G46 -> 18437.499 | H48: =+H16+H22+H29+H34+H39+H44+H46 -> 18343.136 | I48: =+I16+I22+I29+I34+I39+I44+I46 -> 17748.95 | ... N48: =+N16+N22+N29+N34+N39+N44+N46 -> 222452.68
A49: Note :
A50: Source : Oil Companies.

Sheet Monthwise 2012-13
A1: Petroleum Planning & Analysis Cell
A3: 2012-13 (April_March)
A4: ('000 Metric Tonnes)
A5: Crude Oil Processed by Refineries
A6: OIL COMPANIES | B6: APR | C6: MAY | D6: JUN | E6: JULY | F6: AUG | G6: SEPT | H6: OCT | I6: NOV | J6: DEC | K6: JAN | L6: FEB | M6: MAR | N6: TOTAL
A7: Indian Oil Corporation Ltd.(IOCL)
A8: IOCL-KOYALI, GUJARAT | B8: 983.153 | C8: 876.744 | D8: 1149.476 | E8: 1055.385 | F8: 1194.969 | G8: 1121.163 | H8: 1285.646 | I8: 1223.472 | J8: 1227.882 | K8: 1191.123 | L8: 1091.687 | M8: 754.248 | N8: =SUM(B8:M8) -> 13154.948
A9: IOCL-MATHURA, UTTAR PRADESH | B9: 763.218 | C9: 766.52 | D9: 683.344 | E9: 700.063 | F9: 732.937 | G9: 665.129 | H9: 691.043 | I9: 730.372 | J9: 703.402 | K9: 700.005 | L9: 653.306 | M9: 771.548 | N9: =SUM(B9:M9) -> 8560.887
A10: IOCL-PANIPAT, HARYANA | B10: 1243.365 | C10: 1395.73 | D10: 1262.693 | E10: 1196.884 | F10: 1307.319 | G10: 984.308 | H10: 1148.444 | I10: 1272.51 | J10: 1299.993 | K10: 1355.068 | L10: 1268.663 | M10: 1391.053 | N10: =SUM(B10:M10) -> 15126.03
A11: IOCL-HALDIA, WEST BENGAL | B11: 678.145 | C11: 703.93 | D11: 456.34 | E11: 577.474 | F11: 543.192 | G11: 526.968 | H11: 654.994 | I11: 655.038 | J11: 675.131 | K11: 688.98 | L11: 632.59 | M11: 697.465 | N11: =SUM(B11:M11) -> 7490.247
A12: IOCL-BARAUNI,BIHAR | B12: 572.795 | C12: 546.836 | D12: 488.445 | E12: 540.438 | F12: 579.332 | G12: 468.724 | H12: 525.12 | I12: 538.714 | J12: 538.474 | K12: 533.179 | L12: 475.001 | M12: 537.669 | N12: =SUM(B12:M12) -> 6344.727
A13: IOCL-GUWAHATI,ASSAM | B13: 91.282 | C13: 92.999 | D13: 90.894 | E13: 68.038 | F13: 5.178 | G13: 73.491 | H13: 100.79 | I13: 81.14 | J13: 98.45 | K13: 93.267 | L13: 75.762 | M13: 85.161 | N13: =SUM(B13:M13) -> 956.452
A14: IOCL-DIGBOI,ASSAM | B14: 44.579 | C14: 60.927 | D14: 59.435 | E14: 59.618 | F14: 58.136 | G14: 54.036 | H14: 40.994 | I14: 58.184 | J14: 59.677 | K14: 55.297 | L14: 51.912 | M14: 57.52 | N14: =SUM(B14:M14) -> 660.315
A15: IOCL-BONGAIGAON,ASSAM | B15: 174.644 | C15: 182.456 | D15: 210.591 | E15: 211.459 | F15: 213.502 | G15: 180.416 | H15: 209.291 | I15: 202.532 | J15: 187.108 | K15: 173.444 | L15: 180.073 | M15: 230.619 | N15: =SUM(B15:M15) -> 2356.135
A16: IOCL TOTAL | B16: 4551.181 | C16: 4626.142 | D16: 4401.218 | E16: 4409.359 | F16: 4634.565 | G16: 4074.235 | H16: 4656.322 | I16: 4761.962 | J16: 4790.117 | K16: 4790.363 | L16: 4428.994 | M16: 4525.283 | N16: =SUM(B16:M16) -> 54649.741
A18: Hindustan Petroleum Corporation Ltd.(HPCL)
A19: HPCL-MUMBAI,MAHARASHTRA | B19: 400.59 | C19: 581.15956 | D19: 587.475 | E19: 690.941 | F19: 729.59514 | G19: 699.21229 | H19: 701.15683 | I19: 678.243 | J19: 663.924 | K19: 687.129 | L19: 626.793 | M19: 701.814 | N19: =SUM(B19:M19) -> 7748.0328
A20: HPCL-VISAKH,ANDHRA PRADESH | B20: 623.93009 | C20: 718.71494 | D20: 672.22804 | E20: 473.86133 | F20: 418.65325 | G20: 630.58005 | H20: 724.29604 | I20: 585.78006 | J20: 862.67566 | K20: 756.46516 | L20: 718.20064 | M20: 825.80007 | N20: =SUM(B20:M20) -> 8011.1853
A21: HMEL-GGSR, BATHINDA, PUNJAB | B21: 137.55485 | C21: 137.55485 | D21: 137.55485 | E21: 379.21857 | F21: 379.21857 | G21: 379.21857 | H21: 516.71071 | I21: 516.71071 | J21: 516.71071 | K21: 601.24 | L21: 601.24 | M21: 601.24 | N21: =SUM(B21:M21) -> 4904.1724
A22: HPCL-TOTAL | B22: =SUM(B19:B21) -> 1162.0749 | C22: =SUM(C19:C21) -> 1437.4293 | D22: =SUM(D19:D21) -> 1397.2579 | E22: =SUM(E19:E21) -> 1544.0209 | F22: =SUM(F19:F21) -> 1527.467 | G22: =SUM(G19:G21) -> 1709.0109 | H22: =SUM(H19:H21) -> 1942.1636 | I22: =SUM(I19:I21) -> 1780.7338 | ... L22: =SUM(L19:L21) -> 1946.2336 | M22: 2128.8541 | N22: =SUM(N19:N21) -> 20663.391
A24: Bharat Petroleum Corporation Ltd (BPCL)
A25: BPCL-MUMBAI, MAHARASHTRA | B25: 1072.198 | C25: 1105.471 | D25: 1081.578 | E25: 1105.854 | F25: 1084.522 | G25: 901.126 | H25: 1117.388 | I25: 1037.902 | J25: 1142.278 | K25: 1101.101 | L25: 1004.983 | M25: 981.397 | N25: =SUM(B25:M25) -> 12735.798
A26: BPCL-KOCHI, KERALA | B26: 875.81678 | C26: 795.04761 | D26: 901.056 | E26: 941.93351 | F26: 920.94323 | G26: 902.63257 | H26: 901.645 | I26: 716.8932 | J26: 624.13187 | K26: 880.32765 | L26: 809.25809 | M26: 835.76313 | N26: =SUM(B26:M26) -> 10105.449
A27: NRL-NUMALIGARH, ASSAM | B27: 90.374 | C27: 0 | D27: 224.629 | E27: 244.107 | F27: 269.40594 | G27: 251.72 | H27: 254.748 | I27: 234.626 | J27: 232.892 | K27: 226.094 | L27: 192.243 | M27: 257.182 | N27: =SUM(B27:M27) -> 2478.0209
A28: BORL-BINA | B28: 467.25045 | C28: 423.40031 | D28: 553.34584 | E28: 339.36848 | F28: 604.1602 | G28: 102.35024 | H28: 564.04588 | I28: 551.90409 | J28: 523.62028 | K28: 504.65897 | L28: 510.96258 | M28: 586.87832 | N28: =SUM(B28:M28) -> 5731.9456
A29: BPCL-TOTAL | B29: 2505.6392 | C29: 2323.9189 | D29: 2760.6088 | E29: 2631.263 | F29: 2879.0314 | G29: 2157.8288 | H29: 2837.8269 | I29: 2541.3253 | J29: 2522.9221 | K29: 2712.1816 | L29: 2517.4467 | M29: 2661.2205 | N29: =SUM(B29:M29) -> 31051.213
A31: Chennai Petroleum Corporation Ltd (CPCL)
A32: CPCL-MANALI, TAMILNADU | B32: 749.36544 | C32: 805.44793 | D32: 819.41545 | E32: 719.61423 | F32: 496.58885 | G32: 512.15071 | H32: 758.47443 | I32: 743.64886 | J32: 864.38715 | K32: 892.57713 | L32: 819.09123 | M32: 917.43308 | N32: =SUM(B32:M32) -> 9098.1945
A33: CPCL-NARIMANAM,TAMILNADU | B33: 41.162 | C33: 41.08 | D33: 66.316 | E33: 48.099 | F33: 61.816 | G33: 50.742 | H33: 55.217 | I33: 52.359 | J33: 56.714 | K33: 56.109 | L33: 51.607 | M33: 58.464 | N33: =SUM(B33:M33) -> 639.685
A34: CPCL-TOTAL | B34: 790.52744 | C34: 846.52793 | D34: 885.73145 | E34: 767.71323 | F34: 558.40485 | G34: 562.89271 | H34: 813.69143 | I34: 796.00786 | J34: 921.10115 | K34: 948.68613 | L34: 870.69823 | M34: 975.89708 | N34: =SUM(B34:M34) -> 9737.8795
A36: Oil & Natural Gas Corporation Ltd.(ONGC)
A37: ONGC-TATIPAKA,ANDHRA PRADESH | B37: 4.06 | C37: 4.32 | D37: 4.808 | E37: 3.678 | F37: 4.181 | G37: 4.221 | H37: 3.694 | I37: 3.04 | J37: 5.15 | K37: 5.967 | L37: 6.376 | M37: 7.024 | N37: =SUM(B37:M37) -> 56.519
A38: MRPL-MANGALORE,KARNATAKA | B38: 766.484 | C38: 1057.651 | D38: 1090.617 | E38: 1193.596 | F38: 1198.125 | G38: 1198.128 | H38: 1300.158 | I38: 1306.069 | J38: 1213.6163 | K38: 1297.155 | L38: 1257.287 | M38: 1535.941 | N38: =SUM(B38:M38) -> 14414.827
A39: ONGC TOTAL | B39: 770.544 | C39: 1061.971 | D39: 1095.425 | E39: 1197.274 | F39: 1202.306 | G39: 1202.349 | H39: 1303.852 | I39: 1309.109 | J39: 1218.7663 | K39: 1303.122 | L39: 1263.663 | M39: 1542.965 | N39: =SUM(B39:M39) -> 14471.346
A41: Reliance Industries Ltd. (RIL)
A42: RIL,JAMNAGAR,GUJARAT | B42: 2701.014 | C42: 2729.7858 | D42: 2675.7642 | E42: 2799.8157 | F42: 2786.669 | G42: 2678.6366 | H42: 2851.2092 | I42: 2741.5148 | J42: 2509.7517 | K42: 2829.6993 | L42: 2533.5873 | M42: 2775.9922 | N42: =SUM(B42:M42) -> 32613.44
A43: RIL-(SEZ), JAMNAGAR,GUJARAT | B43: 3035 | C43: 3142 | D43: 2999.343 | E43: 3143 | F43: 3188 | G43: 3019 | H43: 3151 | I43: 3075 | J43: 3160 | K43: 3199 | L43: 2274 | M43: 2506 | N43: =SUM(B43:M43) -> 35891.343
A44: RIL TOTAL | B44: 5736.014 | C44: 5871.7858 | D44: 5675.1072 | E44: 5942.8157 | F44: 5974.669 | G44: 5697.6366 | H44: 6002.2092 | I44: 5816.5148 | J44: 5669.7517 | K44: =+K42+K43 -> 6028.6993 | L44: =+L42+L43 -> 4807.5873 | M44: =+M42+M43 -> 5281.9922 | N44: =+N42+N43 -> 68504.783
A46: ESSAR OIL LTD.,VADINAR,GUJARAT | B46: 1390.787 | C46: 1512.1296 | D46: 1575.8666 | E46: 1714.9 | F46: 1700.9 | G46: 1656.4 | H46: 1728.9 | I46: 1676.5 | J46: 1729.7 | K46: 1753 | L46: 1573.8 | M46: 1756.2 | N46: =SUM(B46:M46) -> 19769.083
A48: GRAND TOTAL | B48: =+B16+B22+B29+B34+B39+B44+B46 -> 16906.768 | C48: =+C16+C22+C29+C34+C39+C44+C46 -> 17679.905 | D48: =+D16+D22+D29+D34+D39+D44+D46 -> 17791.215 | E48: =+E16+E22+E29+E34+E39+E44+E46 -> 18207.346 | F48: =+F16+F22+F29+F34+F39+F44+F46 -> 18477.343 | G48: =+G16+G22+G29+G34+G39+G44+G46 -> 17060.353 | H48: =+H16+H22+H29+H34+H39+H44+H46 -> 19284.965 | I48: =+I16+I22+I29+I34+I39+I44+I46 -> 18682.153 | ... N48: =+N16+N22+N29+N34+N39+N44+N46 -> 218847.44
A49: Note :
A50: All figures are provisional. Source : Oil Companies.
A51: HMELRefinery upto March actual data month wise prorated.

Sheet Monthwise 2011-12
A1: Petroleum Planning & Analysis Cell
A3: 2011-12 (April_March)
A4: ('000 Metric Tonnes)
A5: Crude Oil Processed by Refineries
A6: OIL COMPANIES | B6: APR | C6: MAY | D6: JUN | E6: JULY | F6: AUG | G6: SEPT | H6: OCT | I6: NOV | J6: DEC | K6: JAN | L6: FEB | M6: MAR | N6: TOTAL
A7: Indian Oil Corporation Ltd.(IOCL)
A8: IOCL-KOYALI, GUJARAT | B8: 1225.119 | C8: 1271.436 | D8: 1227.074 | E8: 1222.61 | F8: 1058.712 | G8: 965.459 | H8: 1305.066 | I8: 1149.213 | J8: 1247.82 | K8: 1162.44 | L8: 1161.196 | M8: 1256.935 | N8: =SUM(B8:M8) -> 14253.08
A9: IOCL-MATHURA, UTTAR PRADESH | B9: 744.734 | C9: 749.651 | D9: 751.51 | E9: 756.3 | F9: 683.666 | G9: 460.728 | H9: 304.657 | I9: 750.444 | J9: 782.97 | K9: 710.842 | L9: 721.673 | M9: 785 | N9: =SUM(B9:M9) -> 8202.175
A10: IOCL-PANIPAT, HARYANA | B10: 1292.707 | C10: 1194.4 | D10: 1182.221 | E10: 1299.892 | F10: 1383.047 | G10: 1279.137 | H10: 1390.268 | I10: 1209.508 | J10: 1394.174 | K10: 1332.043 | L10: 1235.368 | M10: 1303.115 | N10: =SUM(B10:M10) -> 15495.88
A11: IOCL-HALDIA, WEST BENGAL | B11: 704.496 | C11: 735.662 | D11: 700.383 | E11: 652.803 | F11: 670.232 | G11: 638.025 | H11: 674.319 | I11: 672.042 | J11: 629.106 | K11: 672.461 | L11: 626.604 | M11: 695.62 | N11: =SUM(B11:M11) -> 8071.753
A12: IOCL-BARAUNI,BIHAR | B12: 524.945 | C12: 552.266 | D12: 551.575 | E12: 419.037 | F12: 184.854 | G12: 435.024 | H12: 545.364 | I12: 562.974 | J12: 521.487 | K12: 416.063 | L12: 441.913 | M12: 574.514 | N12: =SUM(B12:M12) -> 5730.016
A13: IOCL-GUWAHATI,ASSAM | B13: 97.702 | C13: 80.349 | D13: 65.475 | E13: 67.294 | F13: 97.798 | G13: 91.321 | H13: 95.436 | I13: 90.98 | J13: 93.929 | K13: 94.065 | L13: 88.891 | M13: 95.221 | N13: =SUM(B13:M13) -> 1058.461
A14: IOCL-DIGBOI,ASSAM | B14: 15.788 | C14: 59.704 | D14: 53.722 | E14: 59.008 | F14: 53.412 | G14: 57.638 | H14: 61.049 | I14: 41.178 | J14: 52.889 | K14: 57.405 | L14: 53.233 | M14: 57.094 | N14: =SUM(B14:M14) -> 622.12
A15: IOCL-BONGAIGAON,ASSAM | B15: 170.551 | C15: 179.672 | D15: 174.548 | E15: 184.724 | F15: 165.336 | G15: 160.357 | H15: 182.407 | I15: 205.123 | J15: 203.728 | K15: 191.133 | L15: 167.028 | M15: 203.179 | N15: =SUM(B15:M15) -> 2187.786
A16: IOCL TOTAL | B16: =SUM(B8:B15) -> 4776.042 | C16: =SUM(C8:C15) -> 4823.14 | D16: =SUM(D8:D15) -> 4706.508 | E16: =SUM(E8:E15) -> 4661.668 | F16: =SUM(F8:F15) -> 4297.057 | G16: =SUM(G8:G15) -> 4087.689 | H16: =SUM(H8:H15) -> 4558.566 | I16: =SUM(I8:I15) -> 4681.462 | J16: =SUM(J8:J15) -> 4926.103 | K16: 4636.452 | L16: 4495.906 | M16: =SUM(M8:M15) -> 4970.678 | N16: =SUM(B16:M16) -> 55621.271
A18: Hindustan Petroleum Corporation Ltd.(HPCL)
A19: HPCL-MUMBAI,MAHARASHTRA | B19: 516.102 | C19: 652 | D19: 596.941 | E19: 598.7949 | F19: 637.14811 | G19: 620.7976 | H19: 639.60693 | I19: 619.148 | J19: 576.30604 | K19: 686.6569 | L19: 642.357 | M19: 720.61627 | N19: =SUM(B19:M19) -> 7506.4748
A20: HPCL-VISAKH,ANDHRA PRADESH | B20: 722.63632 | C20: 673.25418 | D20: 808.35411 | E20: 836.38184 | F20: 736.81976 | G20: 779.94015 | H20: 803.62484 | I20: 731.978 | J20: 691.7426 | K20: 562.23193 | L20: 626.15929 | M20: 726.33362 | N20: =SUM(B20:M20) -> 8699.4567
A21: HPCL-TOTAL | B21: =SUM(B19:B20) -> 1238.7383 | C21: =SUM(C19:C20) -> 1325.2542 | D21: =SUM(D19:D20) -> 1405.2951 | E21: =SUM(E19:E20) -> 1435.1767 | F21: =SUM(F19:F20) -> 1373.9679 | G21: =SUM(G19:G20) -> 1400.7378 | H21: =SUM(H19:H20) -> 1443.2318 | I21: =SUM(I19:I20) -> 1351.126 | ... K21: =SUM(K19:K20) -> 1248.8888 | L21: 1268.5163 | M21: =SUM(M19:M20) -> 1446.9499 | N21: =SUM(B21:M21) -> 16205.931
A23: Bharat Petroleum Corporation Ltd (BPCL)
A24: BPCL-MUMBAI, MAHARASHTRA | B24: 1092.593 | C24: 1129.695 | D24: 1087.681 | E24: 1127.532 | F24: 1062.23 | G24: 880.528 | H24: 1095.235 | I24: 1079.624 | J24: 1116.483 | K24: 1147.708 | L24: 1083.492 | M24: 1080.998 | N24: =SUM(B24:M24) -> 12983.799
A25: BPCL-KOCHI, KERALA | B25: 653.66573 | C25: 600.04935 | D25: 656.95193 | E25: 796.58914 | F25: 796.589 | G25: 761.50391 | H25: 865.54622 | I25: 875.566 | J25: 906.30912 | K25: 821.15182 | L25: 867.12002 | M25: 871.38808 | N25: =SUM(B25:M25) -> 9472.4303
A26: NRL-NUMALIGARH, ASSAM | B26: 212.518 | C26: 240 | D26: 257.006 | E26: 248.937 | F26: 239.066 | G26: 249.608 | H26: 247.784 | I26: 231.483 | J26: 238.235 | K26: 230.21 | L26: 218.334 | M26: 211.808 | N26: =SUM(B26:M26) -> 2824.989
A27: BORL-BINA | B27: 80.9 | C27: 0 | D27: 0 | E27: 26.6 | F27: 81.4 | G27: 84.413 | H27: 387.081 | I27: 173.848 | J27: 408.1158 | K27: 258.9697 | L27: 352.8759 | M27: 193.4275 | N27: =SUM(B27:M27) -> 2047.6309
A28: BPCL-TOTAL | B28: =SUM(B24:B27) -> 2039.6767 | C28: =SUM(C24:C27) -> 1969.7443 | D28: =SUM(D24:D27) -> 2001.6389 | E28: =SUM(E24:E27) -> 2199.6581 | F28: =SUM(F24:F27) -> 2179.285 | G28: =SUM(G24:G27) -> 1976.0529 | H28: =SUM(H24:H27) -> 2595.6462 | I28: =SUM(I24:I27) -> 2360.521 | ... K28: =SUM(K24:K27) -> 2458.0395 | L28: 2521.8219 | M28: =SUM(M24:M27) -> 2357.6216 | N28: =SUM(B28:M28) -> 27328.849
A30: Chennai Petroleum Corporation Ltd (CPCL)
A31: CPCL-MANALI, TAMILNADU | B31: 895.98079 | C31: 840.84513 | D31: 695.739 | E31: 901.03964 | F31: 793.96833 | G31: 754.53254 | H31: 804.37567 | I31: 812.164 | J31: 856.62817 | K31: 868.58373 | L31: 835.278 | M31: 886.2706 | N31: =SUM(B31:M31) -> 9945.4056
A32: CPCL-NARIMANAM,TAMILNADU | B32: 59.362 | C32: 14.695 | D32: 53.339 | E32: 42.673 | F32: 64.436 | G32: 51.801 | H32: 70.584 | I32: 53.87 | J32: 55.412 | K32: 43.967 | L32: 46.058 | M32: 55.209 | N32: =SUM(B32:M32) -> 611.406
A33: CPCL-TOTAL | B33: =SUM(B31:B32) -> 955.34279 | C33: =SUM(C31:C32) -> 855.54013 | D33: =SUM(D31:D32) -> 749.078 | E33: =SUM(E31:E32) -> 943.71264 | F33: =SUM(F31:F32) -> 858.40433 | G33: =SUM(G31:G32) -> 806.33354 | H33: =SUM(H31:H32) -> 874.95967 | I33: =SUM(I31:I32) -> 866.034 | ... K33: =SUM(K31:K32) -> 912.55073 | L33: 881.336 | M33: =SUM(M31:M32) -> 941.4796 | N33: =SUM(B33:M33) -> 10556.812
A35: Oil & Natural Gas Corporation Ltd.(ONGC)
A36: ONGC-TATIPAKA,ANDHRA PRADESH | B36: 7.353 | C36: 6.79 | D36: 4.896 | E36: 4.909 | F36: 5.007 | G36: 6.224 | H36: 3.981 | I36: 5.471 | J36: 7.033 | K36: 5.791 | L36: 6.35 | M36: 5.48 | N36: =SUM(B36:M36) -> 69.285
A37: MRPL-MANGALORE,KARNATAKA | B37: 995.414 | C37: 1190.493 | D37: 1134.598 | E37: 1117.365 | F37: 1106.165 | G37: 845.177 | H37: 831.794 | I37: 1057.284 | J37: 1171.627 | K37: 1121.919 | L37: 1110.673 | M37: 1115.85 | N37: =SUM(B37:M37) -> 12798.359
A38: ONGC TOTAL | B38: =SUM(B36:B37) -> 1002.767 | C38: =SUM(C36:C37) -> 1197.283 | D38: =SUM(D36:D37) -> 1139.494 | E38: =SUM(E36:E37) -> 1122.274 | F38: =SUM(F36:F37) -> 1111.172 | G38: =SUM(G36:G37) -> 851.401 | H38: =SUM(H36:H37) -> 835.775 | I38: =SUM(I36:I37) -> 1062.755 | ... K38: =SUM(K36:K37) -> 1127.71 | L38: 1117.023 | M38: =SUM(M36:M37) -> 1121.33 | N38: =SUM(B38:M38) -> 12867.644
A40: Reliance Industries Ltd. (RIL)
A41: RIL,JAMNAGAR,GUJARAT | B41: 2683.9 | C41: 2741 | D41: 2623 | E41: 2748.5057 | F41: 2740.6589 | G41: 2651.9318 | H41: 2660.9229 | I41: 2676.809 | J41: 2783.0783 | K41: 2756.0795 | L41: 2650.7336 | M41: 2777.8795 | N41: =SUM(B41:M41) -> 32494.499
A42: RIL-(SEZ), JAMNAGAR,GUJARAT | B42: 2971 | C42: 3063 | D42: 2937 | E42: 3028 | F42: 3023 | G42: 2947 | H42: 3088 | I42: 2981 | J42: 3077 | K42: 3099 | L42: 1932 | M42: 3040.083 | N42: =SUM(B42:M42) -> 35186.083
A43: RIL TOTAL | B43: =+B41+B42 -> 5654.9 | C43: =+C41+C42 -> 5804 | D43: =+D41+D42 -> 5560 | E43: =+E41+E42 -> 5776.5057 | F43: =+F41+F42 -> 5763.6589 | G43: =+G41+G42 -> 5598.9318 | H43: =+H41+H42 -> 5748.9229 | I43: =+I41+I42 -> 5657.809 | ... M43: =+M41+M42 -> 5817.9625 | N43: =SUM(B43:M43) -> 67680.582
A45: ESSAR OIL LTD.,VADINAR,GUJARAT | B45: 1179.122 | C45: 1227.453 | D45: 1213.641 | E45: 1056.5935 | F45: 1264.4358 | G45: 708.54099 | H45: 265.30849 | I45: 1267.713 | J45: 1279.4545 | K45: 1367.366 | L45: 1289.748 | M45: 1376.7694 | N45: =SUM(B45:M45) -> 13496.146
A47: GRAND TOTAL | B47: =+B16+B21+B28+B33+B38+B43+B45 -> 16846.589 | C47: =+C16+C21+C28+C33+C38+C43+C45 -> 17202.415 | D47: =+D16+D21+D28+D33+D38+D43+D45 -> 16775.655 | E47: =+E16+E21+E28+E33+E38+E43+E45 -> 17195.589 | F47: =+F16+F21+F28+F33+F38+F43+F45 -> 16847.981 | G47: =+G16+G21+G28+G33+G38+G43+G45 -> 15429.687 | H47: =+H16+H21+H28+H33+H38+H43+H45 -> 16322.41 | I47: =+I16+I21+I28+I33+I38+I43+I45 -> 17247.42 | ... M47: =+M16+M21+M28+M33+M38+M43+M45 -> 18032.791 | N47: =SUM(B47:M47) -> 203757.24
A48: Note :
A49: All figures are provisional. Source : Oil Companies.
A51: RIL-SEZ updated on 15.06.2011

Sheet Monthwise 2010-11
A1: Petroleum Planning & Analysis Cell
A3: 2010-11 (April-March)
A4: ('000 Metric Tonnes)
A5: Crude Oil Processed by Refineries
A6: OIL COMPANIES | B6: APRIL | C6: MAY | D6: JUNE | E6: JULY | F6: AUGUST | G6: SEPTEMBER | H6: OCTOBER | I6: NOVEMBER | J6: DECEMBER | K6: JANUARY | L6: February | M6: March | N6: Total
A7: Indian Oil Corporation Ltd.(IOCL)
A8: IOCL-KOYALI, GUJARAT | B8: 1057.133 | C8: 986.477 | D8: 1082.757 | E8: 1199.3 | F8: 1100.913 | G8: 1058.857 | H8: 1202.668 | I8: 1148.407 | J8: 1222.619 | K8: 1209.313 | L8: 997.397 | M8: 1295.225 | N8: =SUM(B8:M8) -> 13561.066
A9: IOCL-MATHURA, UTTAR PRADESH | B9: 765.664 | C9: 784.986 | D9: 774.599 | E9: 686.429 | F9: 673.185 | G9: 656.07 | H9: 708.144 | I9: 777.868 | J9: 782.438 | K9: 752.726 | L9: 721.001 | M9: 796.851 | N9: =SUM(B9:M9) -> 8879.961
A10: IOCL-PANIPAT, HARYANA | B10: 1235.549 | C10: 1205.736 | D10: 1199.948 | E10: 1254.175 | F10: 1236.107 | G10: 719.385 | H10: 580.739 | I10: 1005.693 | J10: 1344.354 | K10: 1373.285 | L10: 1188.806 | M10: 1316.699 | N10: =SUM(B10:M10) -> 13660.476
A11: IOCL-HALDIA, WEST BENGAL | B11: 535.176 | C11: 601.914 | D11: 470.523 | E11: 466.763 | F11: 524.961 | G11: 343.413 | H11: 560.663 | I11: 610.034 | J11: 720.651 | K11: 717.082 | L11: 642.886 | M11: 683.897 | N11: =SUM(B11:M11) -> 6877.963
A12: IOCL-BARAUNI,BIHAR | B12: 514.31 | C12: 526.77 | D12: 509.697 | E12: 538.809 | F12: 390.383 | G12: 341.317 | H12: 558.733 | I12: 549.061 | J12: 571.906 | K12: 595.42 | L12: 532.103 | M12: 578.919 | N12: =SUM(B12:M12) -> 6207.428
A13: IOCL-GUWAHATI,ASSAM | B13: 98.065 | C13: 100.811 | D13: 97.141 | E13: 93.631 | F13: 100.874 | G13: 95.84 | H13: 95.845 | I13: 88.084 | J13: 83.569 | K13: 81.1 | L13: 86.396 | M13: 96.324 | N13: =SUM(B13:M13) -> 1117.68
A14: IOCL-DIGBOI,ASSAM | B14: 54.231 | C14: 59.349 | D14: 56.202 | E14: 51.109 | F14: 59.008 | G14: 55.134 | H14: 58.549 | I14: 52.77 | J14: 57.084 | K14: 55.024 | L14: 49.205 | M14: 43.341 | N14: =SUM(B14:M14) -> 651.006
A15: IOCL-BONGAIGAON,ASSAM | B15: 167.187 | C15: 207.177 | D15: 186.469 | E15: 193.138 | F15: 176.68 | G15: 118.025 | H15: 196.898 | I15: 179.479 | J15: 163.047 | K15: 144.729 | L15: 125.97 | M15: 149.499 | N15: =SUM(B15:M15) -> 2008.298
A16: IOCL TOTAL | B16: =SUM(B8:B15) -> 4427.315 | C16: =SUM(C8:C15) -> 4473.22 | D16: =SUM(D8:D15) -> 4377.336 | E16: =SUM(E8:E15) -> 4483.354 | F16: =SUM(F8:F15) -> 4262.111 | G16: 3388.041 | H16: =SUM(H8:H15) -> 3962.239 | I16: =SUM(I8:I15) -> 4411.396 | J16: =SUM(J8:J15) -> 4945.668 | K16: =SUM(K8:K15) -> 4928.679 | L16: =SUM(L8:L15) -> 4343.764 | M16: =SUM(M8:M15) -> 4960.755 | N16: =SUM(B16:M16) -> 52963.878
A18: Hindustan Petroleum Corporation Ltd.(HPCL)
A19: HPCL-MUMBAI,MAHARASHTRA | B19: 498.942 | C19: 385.716 | D19: 347.867 | E19: 392.636 | F19: 616.338 | G19: 518.183 | H19: 543 | I19: 630.45 | J19: 659.1 | K19: 668.3223 | L19: 584.594 | M19: 709.2768 | N19: =SUM(B19:M19) -> 6554.4251
A20: HPCL-VISAKH,ANDHRA PRADESH | B20: 761.45 | C20: 727.582 | D20: 554.521 | E20: 464.006 | F20: 523.613 | G20: 504.93094 | H20: 805.18905 | I20: 669.317 | J20: 815.07624 | K20: 796.23204 | L20: 724.87253 | M20: 818.11024 | N20: =SUM(B20:M20) -> 8164.9
A21: HPCL-TOTAL | B21: =SUM(B19:B20) -> 1260.392 | C21: =SUM(C19:C20) -> 1113.298 | D21: =SUM(D19:D20) -> 902.388 | E21: =SUM(E19:E20) -> 856.642 | F21: =SUM(F19:F20) -> 1139.951 | G21: 1023.1139 | H21: =SUM(H19:H20) -> 1348.189 | I21: =SUM(I19:I20) -> 1299.767 | J21: =SUM(J19:J20) -> 1474.1762 | K21: =SUM(K19:K20) -> 1464.5543 | L21: =SUM(L19:L20) -> 1309.4665 | M21: =SUM(M19:M20) -> 1527.387 | N21: =SUM(B21:M21) -> 14719.325
A23: Bharat Petroleum Corporation Ltd (BPCL)
A24: BPCL-MUMBAI, MAHARASHTRA | B24: 1030.5 | C24: 1116.993 | D24: 1075.336 | E24: 1121.824 | F24: 1079.09 | G24: 1127.979 | H24: 1125 | I24: 966.061 | J24: 780.051 | K24: 1119.932 | L24: 1033.669 | M24: 1111.366 | N24: =SUM(B24:M24) -> 12687.801
A25: BPCL-KOCHI, KERALA | B25: 713.545 | C25: 797.562 | D25: 799.179 | E25: 800.503 | F25: 671.182 | G25: 655.09339 | H25: 688 | I25: 697.903 | J25: 712.03572 | K25: 748.43032 | L25: 679.4692 | M25: 735.06735 | N25: =SUM(B25:M25) -> 8697.97
A26: NRL-NUMALIGARH, ASSAM | B26: 0 | C26: 40.86 | D26: 151.244 | E26: 233 | F26: 220 | G26: 221.00006 | H26: 250 | I26: 237 | J26: 250 | K26: 223 | L26: 206.3 | M26: 218 | N26: =SUM(B26:M26) -> 2250.4041
A27: BPCL-TOTAL | B27: =SUM(B24:B26) -> 1744.045 | C27: =SUM(C24:C26) -> 1955.415 | D27: =SUM(D24:D26) -> 2025.759 | E27: =SUM(E24:E26) -> 2155.327 | F27: =SUM(F24:F26) -> 1970.272 | G27: =SUM(G24:G26) -> 2004.0724 | H27: =SUM(H24:H26) -> 2063 | I27: =SUM(I24:I26) -> 1900.964 | ... M27: =SUM(M24:M26) -> 2064.4333 | N27: =SUM(B27:M27) -> 23636.175
A29: Chennai Petroleum Corporation Ltd (CPCL)
A30: CPCL-MANALI, TAMILNADU | B30: 863.135 | C30: 774.601 | D30: 879.082 | E30: 897.178 | F30: 820.986 | G30: 885.02858 | H30: 937 | I30: 801.757 | J30: 888.20779 | K30: 881.81828 | L30: 803.55465 | M30: 921.37707 | N30: =SUM(B30:M30) -> 10353.725
A31: CPCL-NARIMANAM,TAMILNADU | B31: 39.617 | C31: 43.072 | D31: 54.971 | E31: 54.786 | F31: 48.192 | G31: 56.036 | H31: 62 | I31: 61.071 | J31: 71.613 | K31: 62.409 | L31: 79.272 | M31: 72.778 | N31: =SUM(B31:M31) -> 705.817
A32: CPCL-TOTAL | B32: =SUM(B30:B31) -> 902.752 | C32: =SUM(C30:C31) -> 817.673 | D32: =SUM(D30:D31) -> 934.053 | E32: =SUM(E30:E31) -> 951.964 | F32: =SUM(F30:F31) -> 869.178 | G32: 941.06458 | H32: =H30+H31 -> 999 | I32: =I30+I31 -> 862.828 | J32: =J30+J31 -> 959.82079 | K32: =K30+K31 -> 944.22728 | L32: =L30+L31 -> 882.82665 | M32: =M30+M31 -> 994.15507 | N32: =SUM(B32:M32) -> 11059.542
A34: Oil & Natural Gas Corporation Ltd.(ONGC)
A35: ONGC-TATIPAKA,ANDHRA PRADESH | B35: 5.199 | C35: 5.053 | D35: 3.27 | E35: 6.249 | F35: 5.022 | G35: 5.735 | H35: 6.019 | I35: 6.019 | J35: 6.194 | K35: 5.91 | L35: 6.274 | M35: 7.534 | N35: =SUM(B35:M35) -> 68.478
A36: MRPL-MANGALORE,KARNATAKA | B36: 990.922 | C36: 928.33 | D36: 1088.291 | E36: 1133.246 | F36: 878.634 | G36: 772.025 | H36: 1200.684 | I36: 1137.009 | J36: 1190.696 | K36: 1146.748 | L36: 1007.692 | M36: 1188.043 | N36: =SUM(B36:M36) -> 12662.32
A37: ONGC TOTAL | B37: =SUM(B35:B36) -> 996.121 | C37: =SUM(C35:C36) -> 933.383 | D37: =SUM(D35:D36) -> 1091.561 | E37: =SUM(E35:E36) -> 1139.495 | F37: =SUM(F35:F36) -> 883.656 | G37: 777.76 | H37: =H35+H36 -> 1206.703 | I37: =I35+I36 -> 1143.028 | J37: =J35+J36 -> 1196.89 | K37: =K35+K36 -> 1152.658 | L37: =L35+L36 -> 1013.966 | M37: =M35+M36 -> 1195.577 | N37: =SUM(B37:M37) -> 12730.798
A39: Reliance Industries Ltd. (RIL)
A40: RIL,JAMNAGAR,GUJARAT | B40: 2677.755 | C40: 2775.155 | D40: 2628.87 | E40: 2720.444 | F40: 2769.87 | G40: 2502 | H40: 2427 | I40: 1817.48 | J40: 2798 | K40: 2804 | L40: 2463 | M40: 2664 | N40: =SUM(B40:M40) -> 31047.574
A41: RIL-(SEZ), JAMNAGAR,GUJARAT | B41: 2916 | C41: 3023 | D41: 2920 | E41: 3010 | F41: 3029 | G41: 2865.658 | H41: 3057 | I41: 2964.55 | J41: 3064 | K41: 3024 | L41: 2703 | M41: 2996 | N41: =SUM(B41:M41) -> 35572.208
A42: RIL TOTAL | B42: =+B40+B41 -> 5593.755 | C42: =+C40+C41 -> 5798.155 | D42: =+D40+D41 -> 5548.87 | E42: =+E40+E41 -> 5730.444 | F42: =F40+F41 -> 5798.87 | G42: =SUM(G40:G41) -> 5367.658 | H42: =H40+H41 -> 5484 | I42: =I40+I41 -> 4782.03 | J42: =J40+J41 -> 5862 | K42: =K40+K41 -> 5828 | L42: =L40+L41 -> 5166 | M42: =M40+M41 -> 5660 | N42: =SUM(B42:M42) -> 66619.782
A44: ESSAR OIL LTD.,VADINAR,GUJARAT | B44: 1199.665 | C44: 1258.28 | D44: 1219.425 | E44: 1245 | F44: 1231.79 | G44: 1217.272 | H44: 1260 | I44: 1215.989 | J44: 1256.6284 | K44: 1259.6472 | L44: 1138.793 | M44: 1253.5 | N44: =SUM(B44:M44) -> 14755.99
A46: GRAND TOTAL | B46: =+B16+B21+B27+B32+B37+B42+B44 -> 16124.045 | C46: =+C16+C21+C27+C32+C37+C42+C44 -> 16349.424 | D46: =+D16+D21+D27+D32+D37+D42+D44 -> 16099.392 | E46: =+E16+E21+E27+E32+E37+E42+E44 -> 16562.226 | F46: =+F16+F21+F27+F32+F37+F42+F44 -> 16155.828 | G46: =+G16+G21+G27+G32+G37+G42+G44 -> 14718.982 | H46: =+H16+H21+H27+H32+H37+H42+H44 -> 16323.131 | I46: =+I16+I21+I27+I32+I37+I42+I44 -> 15616.002 | ... M46: =+M16+M21+M27+M32+M37+M42+M44 -> 17655.807 | N46: =SUM(B46:M46) -> 196485.49
A47: Note :
A48: All figures are provisional. Source : Oil Companies.
